source,name,url,dates,location,status,prize,participants,themes,image,raw
devpost,ZerveHack,https://zervehack.devpost.com/?ref_feature=challenge&ref_medium=discover,"Feb 26 - Apr 29, 2026",,22 days left,"$10,000 in prizes
1394 participants","$10,000 in prizes
1394 participants","Machine Learning/AI, Machine Learning/AI",https://d112y698adiu2z.cloudfront.net/photos/production/challenge_thumbnails/004/278/921/datas/medium_square.png,"FEATURED ZerveHack 22 days left Online $10,000 in prizes 1394 participants Zerve AI Feb 26 - Apr 29, 2026 Machine Learning/AI"
devpost,Agents Assemble - The Healthcare AI Endgame,https://agents-assemble.devpost.com/?ref_feature=challenge&ref_medium=discover,"Mar 04 - May 11, 2026",,about 1 month left,"$25,000 in prizes
2324 participants","$25,000 in prizes
2324 participants","HealthMachine Learning/AIBeginner Friendly, Health, Machine Learning/AI, Beginner Friendly",https://d112y698adiu2z.cloudfront.net/photos/production/challenge_thumbnails/004/397/260/datas/medium_square.png,"Agents Assemble - The Healthcare AI Endgame about 1 month left Online $25,000 in prizes 2324 participants Prompt Opinion (Darena Health) Mar 04 - May 11, 2026 HealthMachine Learning/AIBeginner Friendly"
devpost,Learning Hackathon: Spec Driven Development,https://learn-ai.devpost.com/?ref_feature=challenge&ref_medium=discover,"Mar 31 - Apr 29, 2026",,22 days left,"1 non-cash prizes
624 participants","1 non-cash prizes
624 participants","Beginner FriendlyMachine Learning/AIOpen Ended, Beginner Friendly, Machine Learning/AI, Open Ended",https://d112y698adiu2z.cloudfront.net/photos/production/challenge_thumbnails/004/519/494/datas/medium_square.png,"FEATURED Learning Hackathon: Spec Driven Development 22 days left Online 1 non-cash prizes 624 participants Devpost, Inc. Mar 31 - Apr 29, 2026 Beginner FriendlyMachine Learning/AIOpen Ended"
devpost,ImpactHacks by HackathonForAll,https://impacthacks.devpost.com/?ref_feature=challenge&ref_medium=discover,"Mar 05 - Apr 24, 2026",,17 days left,"$1,000 in prizes
842 participants","$1,000 in prizes
842 participants","Beginner FriendlyOpen EndedSocial Good, Beginner Friendly, Open Ended, Social Good",https://d112y698adiu2z.cloudfront.net/photos/production/challenge_thumbnails/004/398/421/datas/medium_square.png,"ImpactHacks by HackathonForAll 17 days left Online $1,000 in prizes 842 participants HackathonForAll Mar 05 - Apr 24, 2026 Beginner FriendlyOpen EndedSocial Good"
devpost,Creator Colosseum Startup Competition: Student Founders. Real Startups.,https://creatorcolosseumcompetition26.devpost.com/?ref_feature=challenge&ref_medium=discover,"Jan 06 - May 05, 2026",,28 days left,"$575 in prizes
559 participants","$575 in prizes
559 participants","Beginner FriendlyLow/No CodeSocial Good, Beginner Friendly, Low/No Code, Social Good",https://d112y698adiu2z.cloudfront.net/photos/production/challenge_thumbnails/004/399/737/datas/medium_square.png,"Creator Colosseum Startup Competition: Student Founders. Real Startups. 28 days left Online $575 in prizes 559 participants Creator Colosseum Jan 06 - May 05, 2026 Beginner FriendlyLow/No CodeSocial Good"
devpost,Ideathon 2026,https://ideathone-2026.devpost.com/?ref_feature=challenge&ref_medium=discover,"Mar 10 - Apr 25, 2026",,18 days left,"₹ 45,000 in prizes
531 participants","₹ 45,000 in prizes
531 participants","EducationLifehacksSocial Good, Education, Lifehacks, Social Good",https://d112y698adiu2z.cloudfront.net/photos/production/challenge_thumbnails/004/417/106/datas/medium_square.png,"Ideathon 2026 18 days left Online ₹ 45,000 in prizes 531 participants Tech Z Mar 10 - Apr 25, 2026 EducationLifehacksSocial Good"
devpost,Hack Trek,https://hack-trek.devpost.com/?ref_feature=challenge&ref_medium=discover,"Feb 17 - Apr 17, 2026",,10 days left,"₹ 10,000 in prizes
479 participants","₹ 10,000 in prizes
479 participants","Machine Learning/AIOpen EndedWeb, Machine Learning/AI, Open Ended, Web",https://d112y698adiu2z.cloudfront.net/photos/production/challenge_thumbnails/004/336/380/datas/medium_square.png,"Hack Trek 10 days left Online ₹ 10,000 in prizes 479 participants vit Feb 17 - Apr 17, 2026 Machine Learning/AIOpen EndedWeb"
devpost,Global Fusion hackathon,https://globalfusionhackathon.devpost.com/?ref_feature=challenge&ref_medium=discover,"Apr 01 - 13, 2026",,6 days left,"$1,750 in prizes
313 participants","$1,750 in prizes
313 participants","FintechHealthMachine Learning/AI, Fintech, Health, Machine Learning/AI",https://d112y698adiu2z.cloudfront.net/photos/production/challenge_thumbnails/004/477/293/datas/medium_square.png,"Global Fusion hackathon 6 days left Online $1,750 in prizes 313 participants Global Fusion Hackathon Apr 01 - 13, 2026 FintechHealthMachine Learning/AI"
devpost,GNEC Hackathon 2026 Spring - Compete For UN-Affiliated/NGO Internships & Prizes,https://gnec-hackathon-2026-spring.devpost.com/?ref_feature=challenge&ref_medium=discover,"Mar 12 - May 03, 2026",,26 days left,"$700 in prizes
306 participants","$700 in prizes
306 participants","Beginner FriendlyHealthSocial Good, Beginner Friendly, Health, Social Good",https://d112y698adiu2z.cloudfront.net/photos/production/challenge_thumbnails/004/363/100/datas/medium_square.png,"GNEC Hackathon 2026 Spring - Compete For UN-Affiliated/NGO Internships & Prizes 26 days left Online $700 in prizes 306 participants Global NGO Executive Committee Mar 12 - May 03, 2026 Beginner FriendlyHealthSocial Good"
devpost,DSH Hacks V1,https://dsh-hacks-v1.devpost.com/?ref_feature=challenge&ref_medium=discover,"Mar 02 - Jun 02, 2026",,about 2 months left,"4 non-cash prizes
236 participants","4 non-cash prizes
236 participants","Beginner FriendlySocial GoodMachine Learning/AI, Beginner Friendly, Social Good, Machine Learning/AI",https://d112y698adiu2z.cloudfront.net/photos/production/challenge_thumbnails/004/466/363/datas/medium_square.png,"DSH Hacks V1 about 2 months left Online 4 non-cash prizes 236 participants DreamWeave Mar 02 - Jun 02, 2026 Beginner FriendlySocial GoodMachine Learning/AI"
devpost,EnviroCast Global Engineering Outlook: From Insight to Impact Hackathon,https://from-insight-to-impact.devpost.com/?ref_feature=challenge&ref_medium=discover,"Mar 26 - May 21, 2026",,about 1 month left,"$625 in prizes
232 participants","$625 in prizes
232 participants","Open EndedProductivitySocial Good, Open Ended, Productivity, Social Good",https://d112y698adiu2z.cloudfront.net/photos/production/challenge_thumbnails/004/191/451/datas/medium_square.png,"EnviroCast Global Engineering Outlook: From Insight to Impact Hackathon about 1 month left Online $625 in prizes 232 participants EnviroCast Mar 26 - May 21, 2026 Open EndedProductivitySocial Good"
devpost,UWB Hacks: The Future!,https://uwb-hacks-the-future.devpost.com/?ref_feature=challenge&ref_medium=discover,"Feb 24 - Apr 26, 2026",,19 days left,"1 non-cash prizes
215 participants","1 non-cash prizes
215 participants","Beginner Friendly, Beginner Friendly",https://d112y698adiu2z.cloudfront.net/photos/production/challenge_thumbnails/004/239/724/datas/medium_square.png,"UWB Hacks: The Future! 19 days left University of Washington Bothell - ARC 1 non-cash prizes 215 participants UWB ACM Feb 24 - Apr 26, 2026 Beginner Friendly"
devpost,Digital Innovation Challenge 2025 - Finance Track,https://dic-2025-finance-track.devpost.com/?ref_feature=challenge&ref_medium=discover,"Nov 20, 2025 - Apr 07, 2026",,about 3 hours left,"$0 in prizes
180 participants","$0 in prizes
180 participants","FintechMachine Learning/AISocial Good, Fintech, Machine Learning/AI, Social Good",https://d112y698adiu2z.cloudfront.net/photos/production/challenge_thumbnails/004/466/545/datas/medium_square.png,"Digital Innovation Challenge 2025 - Finance Track about 3 hours left Online $0 in prizes 180 participants Duke Kunshan University Nov 20, 2025 - Apr 07, 2026 FintechMachine Learning/AISocial Good"
devpost,EcoHack,https://ecohack-28337.devpost.com/?ref_feature=challenge&ref_medium=discover,"Mar 11 - Apr 23, 2026",,16 days left,"4 non-cash prizes
169 participants","4 non-cash prizes
169 participants","Open EndedSocial GoodBeginner Friendly, Open Ended, Social Good, Beginner Friendly",https://d112y698adiu2z.cloudfront.net/photos/production/challenge_thumbnails/004/260/699/datas/medium_square.jpg,"EcoHack 16 days left Online 4 non-cash prizes 169 participants EcoHack Mar 11 - Apr 23, 2026 Open EndedSocial GoodBeginner Friendly"
devpost,BuildX Nagpur,https://buildx-nagpur-gg.devpost.com/?ref_feature=challenge&ref_medium=discover,"Mar 07 - Apr 08, 2026",,about 23 hours left,"2 non-cash prizes
156 participants","2 non-cash prizes
156 participants","Machine Learning/AIVoice skillsWeb, Machine Learning/AI, Voice skills, Web",https://d112y698adiu2z.cloudfront.net/photos/production/challenge_thumbnails/004/404/471/datas/medium_square.jpg,"BuildX Nagpur about 23 hours left Pce nagpur campus 2 non-cash prizes 156 participants York Mar 07 - Apr 08, 2026 Machine Learning/AIVoice skillsWeb"
devpost,EcoHacks,https://ecohackers.devpost.com/?ref_feature=challenge&ref_medium=discover,"Mar 06 - Apr 12, 2026",,6 days left,"$200 in prizes
152 participants","$200 in prizes
152 participants","Beginner FriendlyOpen EndedSocial Good, Beginner Friendly, Open Ended, Social Good",https://d112y698adiu2z.cloudfront.net/photos/production/challenge_thumbnails/004/397/675/datas/medium_square.png,"EcoHacks 6 days left Online $200 in prizes 152 participants Green Spaces Initiative Mar 06 - Apr 12, 2026 Beginner FriendlyOpen EndedSocial Good"
devpost,Hyperbloom V2,https://hyperbloom-v2.devpost.com/?ref_feature=challenge&ref_medium=discover,"Mar 16 - Apr 15, 2026",,8 days left,"₹ 21,000 in prizes
136 participants","₹ 21,000 in prizes
136 participants","Beginner FriendlyOpen EndedSocial Good, Beginner Friendly, Open Ended, Social Good",https://d112y698adiu2z.cloudfront.net/photos/production/challenge_thumbnails/004/490/161/datas/medium_square.png,"Hyperbloom V2 8 days left Online ₹ 21,000 in prizes 136 participants hyperbloom hacks Mar 16 - Apr 15, 2026 Beginner FriendlyOpen EndedSocial Good"
devpost,PhysTech 2026: Physical Activity and Technology Hack Day,https://phystech-2026.devpost.com/?ref_feature=challenge&ref_medium=discover,"Feb 08 - Jun 27, 2026",,3 months left,"10 non-cash prizes
134 participants","10 non-cash prizes
134 participants","EducationHealthIoT, Education, Health, IoT",https://d112y698adiu2z.cloudfront.net/photos/production/challenge_thumbnails/004/273/831/datas/medium_square.png,"PhysTech 2026: Physical Activity and Technology Hack Day 3 months left Online 10 non-cash prizes 134 participants Binnovative Feb 08 - Jun 27, 2026 EducationHealthIoT"
devpost,"LUMA Hackathon: Pitch your idea, win $2800!",https://luma.devpost.com/?ref_feature=challenge&ref_medium=discover,"Apr 05 - 26, 2026",,19 days left,"$2,800 in prizes
129 participants","$2,800 in prizes
129 participants","Beginner FriendlyOpen EndedMachine Learning/AI, Beginner Friendly, Open Ended, Machine Learning/AI",https://d112y698adiu2z.cloudfront.net/photos/production/challenge_thumbnails/004/400/471/datas/medium_square.png,"LUMA Hackathon: Pitch your idea, win $2800! 19 days left Online $2,800 in prizes 129 participants joinluma Apr 05 - 26, 2026 Beginner FriendlyOpen EndedMachine Learning/AI"
devpost,Predict4Good Hackathon,https://predict4good-hackathon.devpost.com/?ref_feature=challenge&ref_medium=discover,"Mar 28 - Apr 10, 2026",,3 days left,"3 non-cash prizes
102 participants","3 non-cash prizes
102 participants","Beginner FriendlyMachine Learning/AISocial Good, Beginner Friendly, Machine Learning/AI, Social Good",https://d112y698adiu2z.cloudfront.net/photos/production/challenge_thumbnails/004/492/593/datas/medium_square.png,"Predict4Good Hackathon 3 days left Online 3 non-cash prizes 102 participants Predict4Good Mar 28 - Apr 10, 2026 Beginner FriendlyMachine Learning/AISocial Good"
devpost,hatrek,https://hatrek.devpost.com/?ref_feature=challenge&ref_medium=discover,"Feb 17 - Apr 17, 2026",,10 days left,"1 non-cash prizes
81 participants","1 non-cash prizes
81 participants","Machine Learning/AIOpen EndedWeb, Machine Learning/AI, Open Ended, Web",https://d112y698adiu2z.cloudfront.net/photos/production/challenge_thumbnails/004/336/743/datas/medium_square.png,"hatrek 10 days left Online 1 non-cash prizes 81 participants automata Feb 17 - Apr 17, 2026 Machine Learning/AIOpen EndedWeb"
devpost,2025-2026 Spring ESE Senior Design,https://ese4510s26.devpost.com/?ref_feature=challenge&ref_medium=discover,"Jan 12 - Apr 30, 2026",,23 days left,"1 non-cash prizes
80 participants","1 non-cash prizes
80 participants","AR/VROpen EndedRobotic Process Automation, AR/VR, Open Ended, Robotic Process Automation",https://d2dmyh35ffsxbl.cloudfront.net/assets/defaults/thumbnail-placeholder-8c916ef4da99a222ce6ece077c71c7e282f071f830747b2abb5718018cbfa699.gif,"2025-2026 Spring ESE Senior Design 23 days left Online 1 non-cash prizes 80 participants university of pennsylvania Jan 12 - Apr 30, 2026 AR/VROpen EndedRobotic Process Automation"
devpost,DesignXR Hackathon,https://designxr.devpost.com/?ref_feature=challenge&ref_medium=discover,"Apr 01 - May 10, 2026",,about 1 month left,"4 non-cash prizes
72 participants","4 non-cash prizes
72 participants","AR/VRProductivityEducation, AR/VR, Productivity, Education",https://d112y698adiu2z.cloudfront.net/photos/production/challenge_thumbnails/004/109/386/datas/medium_square.png,"DesignXR Hackathon about 1 month left Online 4 non-cash prizes 72 participants iTSikhwal Apr 01 - May 10, 2026 AR/VRProductivityEducation"
devpost,The Future Innovators Hackathon: A Road to START Hack,https://future-innovators-hackathon.devpost.com/?ref_feature=challenge&ref_medium=discover,"Mar 31 - Apr 25, 2026",,18 days left,"€2,000 in prizes
67 participants","€2,000 in prizes
67 participants","Beginner FriendlyLow/No Code, Beginner Friendly, Low/No Code",https://d112y698adiu2z.cloudfront.net/photos/production/challenge_thumbnails/004/517/208/datas/medium_square.png,"The Future Innovators Hackathon: A Road to START Hack 18 days left Unicorn Stage, Beato Innovation District €2,000 in prizes 67 participants Unicorn Factory Lisboa and START Lisbon Mar 31 - Apr 25, 2026 Beginner FriendlyLow/No Code"
devpost,InfluenceHacks,https://influencehacks.devpost.com/?ref_feature=challenge&ref_medium=discover,"Mar 21 - Apr 15, 2026",,8 days left,"7 non-cash prizes
66 participants","7 non-cash prizes
66 participants","Beginner FriendlyOpen EndedSocial Good, Beginner Friendly, Open Ended, Social Good",https://d112y698adiu2z.cloudfront.net/photos/production/challenge_thumbnails/004/499/181/datas/medium_square.png,"InfluenceHacks 8 days left Online 7 non-cash prizes 66 participants HackathonForAll Mar 21 - Apr 15, 2026 Beginner FriendlyOpen EndedSocial Good"
devpost,HackFW,https://fwtx.devpost.com/?ref_feature=challenge&ref_medium=discover,"Apr 03 - May 02, 2026",,25 days left,"$4,025 in prizes
61 participants","$4,025 in prizes
61 participants","BlockchainMachine Learning/AIRobotic Process Automation, Blockchain, Machine Learning/AI, Robotic Process Automation",https://d112y698adiu2z.cloudfront.net/photos/production/challenge_thumbnails/004/074/262/datas/medium_square.png,"HackFW 25 days left Fort Worth $4,025 in prizes 61 participants Fort Worth DAO Apr 03 - May 02, 2026 BlockchainMachine Learning/AIRobotic Process Automation"
devpost,SystemHacks,https://systemhacks.devpost.com/?ref_feature=challenge&ref_medium=discover,"Mar 23 - Apr 25, 2026",,18 days left,"7 non-cash prizes
59 participants","7 non-cash prizes
59 participants","Beginner FriendlyOpen EndedProductivity, Beginner Friendly, Open Ended, Productivity",https://d112y698adiu2z.cloudfront.net/photos/production/challenge_thumbnails/004/499/174/datas/medium_square.png,"SystemHacks 18 days left Online 7 non-cash prizes 59 participants HackathonForAll Mar 23 - Apr 25, 2026 Beginner FriendlyOpen EndedProductivity"
devpost,AI for Everyone,https://ai-for-everyone.devpost.com/?ref_feature=challenge&ref_medium=discover,"Mar 31 - Apr 30, 2026",,23 days left,"3 non-cash prizes
59 participants","3 non-cash prizes
59 participants","EducationHealthOpen Ended, Education, Health, Open Ended",https://d112y698adiu2z.cloudfront.net/photos/production/challenge_thumbnails/004/519/037/datas/medium_square.jpg,"AI for Everyone 23 days left Online 3 non-cash prizes 59 participants Tech Z Mar 31 - Apr 30, 2026 EducationHealthOpen Ended"
devpost,Bharat Bricks Hacks 2026: IIT Delhi,https://bb2026-iitd.devpost.com/?ref_feature=challenge&ref_medium=discover,"Apr 07 - 08, 2026",,about 22 hours left,"₹ 250,000 in prizes
57 participants","₹ 250,000 in prizes
57 participants","Machine Learning/AISocial GoodWeb, Machine Learning/AI, Social Good, Web",https://d112y698adiu2z.cloudfront.net/photos/production/challenge_thumbnails/004/542/936/datas/medium_square.png,"Bharat Bricks Hacks 2026: IIT Delhi about 22 hours left NCUI Auditorium ₹ 250,000 in prizes 57 participants Databricks Apr 07 - 08, 2026 Invite only Machine Learning/AISocial GoodWeb"
devpost,Databricks_Accenture_Hackathon,https://databricksaccenturehackathon.devpost.com/?ref_feature=challenge&ref_medium=discover,"Mar 09 - Apr 15, 2026",,8 days left,"3 non-cash prizes
56 participants","3 non-cash prizes
56 participants","Education, Education",https://d2dmyh35ffsxbl.cloudfront.net/assets/defaults/thumbnail-placeholder-8c916ef4da99a222ce6ece077c71c7e282f071f830747b2abb5718018cbfa699.gif,"Databricks_Accenture_Hackathon 8 days left Online 3 non-cash prizes 56 participants AccentureDatabricks Mar 09 - Apr 15, 2026 Education"
devpost,RAISE-26,https://raise26.devpost.com/?ref_feature=challenge&ref_medium=discover,"Dec 09, 2025 - Apr 17, 2026",,10 days left,"2 non-cash prizes
56 participants","2 non-cash prizes
56 participants","Machine Learning/AI, Machine Learning/AI",https://d112y698adiu2z.cloudfront.net/photos/production/challenge_thumbnails/004/048/832/datas/medium_square.png,"RAISE-26 10 days left Online 2 non-cash prizes 56 participants MPI Program, Bloustein School, Rutgers Dec 09, 2025 - Apr 17, 2026 Machine Learning/AI"
devpost,Deleted<>Redirected,https://aurora-global-hackathon.devpost.com/?ref_feature=challenge&ref_medium=discover,"Mar 31, 2026 - Apr 01, 2027",,12 months left,"₹ 1,000 in prizes
51 participants","₹ 1,000 in prizes
51 participants","Voice skills, Voice skills",https://d2dmyh35ffsxbl.cloudfront.net/assets/defaults/thumbnail-placeholder-8c916ef4da99a222ce6ece077c71c7e282f071f830747b2abb5718018cbfa699.gif,"Deleted<>Redirected 12 months left Online ₹ 1,000 in prizes 51 participants no host Mar 31, 2026 - Apr 01, 2027 Invite only Voice skills"
devpost,"ESE 1900, Silicon Garage, Spring 2026",https://ese-1900-silicon-garage-s26.devpost.com/?ref_feature=challenge&ref_medium=discover,"Mar 30 - May 01, 2026",,24 days left,"1 non-cash prizes
45 participants","1 non-cash prizes
45 participants","Education, Education",https://d112y698adiu2z.cloudfront.net/photos/production/challenge_thumbnails/004/517/642/datas/medium_square.jpg,"ESE 1900, Silicon Garage, Spring 2026 24 days left Online 1 non-cash prizes 45 participants UPenn ESE Mar 30 - May 01, 2026 Education"
devpost,DEFI Hack Days : From Internal Problem to Digital Solution,https://think-smart-build-smart.devpost.com/?ref_feature=challenge&ref_medium=discover,"Feb 27 - Apr 11, 2026",,4 days left,"3 non-cash prizes
41 participants","3 non-cash prizes
41 participants","FintechHealthSocial Good, Fintech, Health, Social Good",https://d2dmyh35ffsxbl.cloudfront.net/assets/defaults/thumbnail-placeholder-8c916ef4da99a222ce6ece077c71c7e282f071f830747b2abb5718018cbfa699.gif,"DEFI Hack Days : From Internal Problem to Digital Solution 4 days left University of Lomé 3 non-cash prizes 41 participants Tech Campus Clubs Feb 27 - Apr 11, 2026 FintechHealthSocial Good"
devpost,Flood Safety,https://flood-safety.devpost.com/?ref_feature=challenge&ref_medium=discover,"Apr 01 - 14, 2026",,7 days left,"1 non-cash prizes
41 participants","1 non-cash prizes
41 participants","Beginner FriendlyEducationWeb, Beginner Friendly, Education, Web",https://d112y698adiu2z.cloudfront.net/photos/production/challenge_thumbnails/004/518/289/datas/medium_square.png,"Flood Safety 7 days left Online 1 non-cash prizes 41 participants Hsu Yamone Minn Apr 01 - 14, 2026 Beginner FriendlyEducationWeb"
devpost,Obserc Safety Hackathon,https://obserc-safety-hackathon.devpost.com/?ref_feature=challenge&ref_medium=discover,"Mar 27 - Apr 11, 2026",,4 days left,"4 non-cash prizes
38 participants","4 non-cash prizes
38 participants","DesignMobileOpen Ended, Design, Mobile, Open Ended",https://d112y698adiu2z.cloudfront.net/photos/production/challenge_thumbnails/004/493/530/datas/medium_square.png,"Obserc Safety Hackathon 4 days left Online 4 non-cash prizes 38 participants Obserc Mar 27 - Apr 11, 2026 DesignMobileOpen Ended"
devpost,HackNSU Season 6,https://hacknsu-s6.devpost.com/?ref_feature=challenge&ref_medium=discover,"Apr 02 - 25, 2026",,18 days left,"$406 in prizes
38 participants","$406 in prizes
38 participants","DevOpsMachine Learning/AIWeb, DevOps, Machine Learning/AI, Web",https://d112y698adiu2z.cloudfront.net/photos/production/challenge_thumbnails/004/537/635/datas/medium_square.jpg,"HackNSU Season 6 18 days left Online $406 in prizes 38 participants no host Apr 02 - 25, 2026 DevOpsMachine Learning/AIWeb"
devpost,Nira hackathon,https://nira-hackathon.devpost.com/?ref_feature=challenge&ref_medium=discover,"Apr 04 - May 02, 2026",,25 days left,"$500 in prizes
38 participants","$500 in prizes
38 participants","DesignEducationMachine Learning/AI, Design, Education, Machine Learning/AI",https://d112y698adiu2z.cloudfront.net/photos/production/challenge_thumbnails/004/526/628/datas/medium_square.png,"Nira hackathon 25 days left Online $500 in prizes 38 participants nira ai tech Apr 04 - May 02, 2026 DesignEducationMachine Learning/AI"
devpost,AlgoFest Hackathon 2026,https://algofest-hackathon26.devpost.com/?ref_feature=challenge&ref_medium=discover,"Apr 06 - 29, 2026",,22 days left,"$5,000 in prizes
35 participants","$5,000 in prizes
35 participants","Beginner FriendlyMachine Learning/AISocial Good, Beginner Friendly, Machine Learning/AI, Social Good",https://d112y698adiu2z.cloudfront.net/photos/production/challenge_thumbnails/004/170/174/datas/medium_square.gif,"AlgoFest Hackathon 2026 22 days left Online $5,000 in prizes 35 participants Hack Club Apr 06 - 29, 2026 Beginner FriendlyMachine Learning/AISocial Good"
devpost,Rebuilding the OS: Core System Utilities Hackathon,https://bitbuilders-code-race-apr-2026.devpost.com/?ref_feature=challenge&ref_medium=discover,"Mar 17 - Apr 30, 2026",,24 days left,"4 non-cash prizes
33 participants","4 non-cash prizes
33 participants","DesignBeginner FriendlyLow/No Code, Design, Beginner Friendly, Low/No Code",https://d112y698adiu2z.cloudfront.net/photos/production/challenge_thumbnails/004/452/443/datas/medium_square.png,"Rebuilding the OS: Core System Utilities Hackathon 24 days left Online 4 non-cash prizes 33 participants Saket Creations Mar 17 - Apr 30, 2026 DesignBeginner FriendlyLow/No Code"
devpost,Code Innovation,https://code-innovation.devpost.com/?ref_feature=challenge&ref_medium=discover,"Mar 29 - Apr 23, 2026",,16 days left,"1 non-cash prizes
30 participants","1 non-cash prizes
30 participants","BlockchainMachine Learning/AIOpen Ended, Blockchain, Machine Learning/AI, Open Ended",https://d112y698adiu2z.cloudfront.net/photos/production/challenge_thumbnails/004/497/440/datas/medium_square.png,"Code Innovation 16 days left Online 1 non-cash prizes 30 participants Arya Main Mar 29 - Apr 23, 2026 BlockchainMachine Learning/AIOpen Ended"
devpost,NACOS X GDG AI Hackathon,https://nacos-x-gdg-ai-hackathon.devpost.com/?ref_feature=challenge&ref_medium=discover,"Apr 01 - 25, 2026",,18 days left,"3 non-cash prizes
30 participants","3 non-cash prizes
30 participants","Beginner FriendlyMachine Learning/AIWeb, Beginner Friendly, Machine Learning/AI, Web",https://d112y698adiu2z.cloudfront.net/photos/production/challenge_thumbnails/004/496/809/datas/medium_square.jpg,"NACOS X GDG AI Hackathon 18 days left Online 3 non-cash prizes 30 participants Google Developer Group LMU Apr 01 - 25, 2026 Invite only Beginner FriendlyMachine Learning/AIWeb"
devpost,Sunflower Hackathon 2026,https://sunflower-hackathon-2026.devpost.com/?ref_feature=challenge&ref_medium=discover,"Jan 28 - Apr 21, 2026",,14 days left,"5 non-cash prizes
28 participants","5 non-cash prizes
28 participants","Beginner Friendly, Beginner Friendly",https://d2dmyh35ffsxbl.cloudfront.net/assets/defaults/thumbnail-placeholder-8c916ef4da99a222ce6ece077c71c7e282f071f830747b2abb5718018cbfa699.gif,"Sunflower Hackathon 2026 14 days left 9th Floor, 15 Beekman 5 non-cash prizes 28 participants Women In Tech Jan 28 - Apr 21, 2026 Invite only Beginner Friendly"
devpost,Hoobit Hacks 2026,https://hoobit-hacks-2026.devpost.com/?ref_feature=challenge&ref_medium=discover,"Mar 30 - Jul 01, 2026",,3 months left,"2 non-cash prizes
28 participants","2 non-cash prizes
28 participants","Beginner FriendlyMachine Learning/AISocial Good, Beginner Friendly, Machine Learning/AI, Social Good",https://d112y698adiu2z.cloudfront.net/photos/production/challenge_thumbnails/004/517/588/datas/medium_square.png,"Hoobit Hacks 2026 3 months left Online 2 non-cash prizes 28 participants Hoobit Mar 30 - Jul 01, 2026 Beginner FriendlyMachine Learning/AISocial Good"
devpost,GenZ Can Hack 2026,https://genz-can-hack-2026.devpost.com/?ref_feature=challenge&ref_medium=discover,"Apr 01 - Aug 22, 2026",,5 months left,"$5,000 in prizes
25 participants","$5,000 in prizes
25 participants","EducationMachine Learning/AIRobotic Process Automation, Education, Machine Learning/AI, Robotic Process Automation",https://d112y698adiu2z.cloudfront.net/photos/production/challenge_thumbnails/004/517/951/datas/medium_square.jpg,"GenZ Can Hack 2026 5 months left Toronto $5,000 in prizes 25 participants Kids for Kids Toronto Coding Club Apr 01 - Aug 22, 2026 EducationMachine Learning/AIRobotic Process Automation"
devpost,UCI Design-a-thon 2026,https://ucidesignathon26.devpost.com/?ref_feature=challenge&ref_medium=discover,"Mar 31 - Apr 26, 2026",,19 days left,"$0 in prizes
21 participants","$0 in prizes
21 participants","Beginner FriendlyDesignLow/No Code, Beginner Friendly, Design, Low/No Code",https://d112y698adiu2z.cloudfront.net/photos/production/challenge_thumbnails/004/449/854/datas/medium_square.png,"UCI Design-a-thon 2026 19 days left Online $0 in prizes 21 participants UC Irvine Mar 31 - Apr 26, 2026 Beginner FriendlyDesignLow/No Code"
devpost,Katz School CS & A.I Club Ideathon,https://katzschool-cs-ai-deathon.devpost.com/?ref_feature=challenge&ref_medium=discover,"Mar 17 - Apr 13, 2026",,6 days left,"1 non-cash prizes
18 participants","1 non-cash prizes
18 participants","Open Ended, Open Ended",https://d112y698adiu2z.cloudfront.net/photos/production/challenge_thumbnails/004/429/590/datas/medium_square.png,"Katz School CS & A.I Club Ideathon 6 days left Online 1 non-cash prizes 18 participants Katz School of Science and Technology Mar 17 - Apr 13, 2026 Invite only Open Ended"
devpost,VEX IQ Mix & Match 2026 ULTIMATE HACKATHON,https://vex-iq-hackathon.devpost.com/?ref_feature=challenge&ref_medium=discover,"Mar 28 - Apr 18, 2026",,11 days left,"5 non-cash prizes
15 participants","5 non-cash prizes
15 participants","DesignRobotic Process AutomationBeginner Friendly, Design, Robotic Process Automation, Beginner Friendly",https://d112y698adiu2z.cloudfront.net/photos/production/challenge_thumbnails/004/497/614/datas/medium_square.jpeg,"VEX IQ Mix & Match 2026 ULTIMATE HACKATHON 11 days left Online 5 non-cash prizes 15 participants VEX Talk Mar 28 - Apr 18, 2026 DesignRobotic Process AutomationBeginner Friendly"
devpost,Synapse Sprint,https://synapse-sprint.devpost.com/?ref_feature=challenge&ref_medium=discover,"Mar 29 - Apr 23, 2026",,16 days left,"1 non-cash prizes
12 participants","1 non-cash prizes
12 participants","BlockchainMachine Learning/AIOpen Ended, Blockchain, Machine Learning/AI, Open Ended",https://d2dmyh35ffsxbl.cloudfront.net/assets/defaults/thumbnail-placeholder-8c916ef4da99a222ce6ece077c71c7e282f071f830747b2abb5718018cbfa699.gif,"Synapse Sprint 16 days left Online 1 non-cash prizes 12 participants Shankara Mar 29 - Apr 23, 2026 BlockchainMachine Learning/AIOpen Ended"
devpost,Cloudathon@SJSU 2026,https://cloudathon-sjsu-2026.devpost.com/?ref_feature=challenge&ref_medium=discover,"Apr 01 - May 01, 2026",,24 days left,"1 non-cash prizes
12 participants","1 non-cash prizes
12 participants","CommunicationCybersecurityProductivity, Communication, Cybersecurity, Productivity",https://d112y698adiu2z.cloudfront.net/photos/production/challenge_thumbnails/004/521/226/datas/medium_square.png,"Cloudathon@SJSU 2026 24 days left San Jose State University -- Engineering 1 non-cash prizes 12 participants Network Engineering Technology Society Apr 01 - May 01, 2026 Invite only CommunicationCybersecurityProductivity"
devpost,Google Solutions Challenge GDG on Campus Virginia Tech Spring 2026,https://gdg-vt-spring.devpost.com/?ref_feature=challenge&ref_medium=discover,"Apr 04 - 11, 2026",,4 days left,"$960 in prizes
11 participants","$960 in prizes
11 participants","Open EndedSocial Good, Open Ended, Social Good",https://d112y698adiu2z.cloudfront.net/photos/production/challenge_thumbnails/004/541/926/datas/medium_square.png,"Google Solutions Challenge GDG on Campus Virginia Tech Spring 2026 4 days left Data and Decision Sciences $960 in prizes 11 participants Google Developers Group on Campus - VT Apr 04 - 11, 2026 Open EndedSocial Good"
devpost,HackDays,https://hackdaysatgcet.devpost.com/?ref_feature=challenge&ref_medium=discover,"Mar 31 - Apr 11, 2026",,4 days left,"1 non-cash prizes
10 participants","1 non-cash prizes
10 participants","Beginner FriendlyMachine Learning/AIWeb, Beginner Friendly, Machine Learning/AI, Web",https://d112y698adiu2z.cloudfront.net/photos/production/challenge_thumbnails/004/538/351/datas/medium_square.png,"HackDays 4 days left Galgotias College of Engg. And Tech. 1 non-cash prizes 10 participants MLH Mar 31 - Apr 11, 2026 Beginner FriendlyMachine Learning/AIWeb"
devpost,BGI Hackathon 2026 – Vision 2047: Viksit Bharat,https://bgi-hackathon-2026.devpost.com/?ref_feature=challenge&ref_medium=discover,"Apr 07 - 30, 2026",,23 days left,"₹ 600,000 in prizes
10 participants","₹ 600,000 in prizes
10 participants","CybersecurityMachine Learning/AIWeb, Cybersecurity, Machine Learning/AI, Web",https://d112y698adiu2z.cloudfront.net/photos/production/challenge_thumbnails/004/539/772/datas/medium_square.jpeg,"BGI Hackathon 2026 – Vision 2047: Viksit Bharat 23 days left Bhopal ₹ 600,000 in prizes 10 participants Bansal Group of Institutes Apr 07 - 30, 2026 CybersecurityMachine Learning/AIWeb"
devpost,PiHacks Enhanced,https://pihacks-enhanced.devpost.com/?ref_feature=challenge&ref_medium=discover,"Apr 01 - May 01, 2026",,24 days left,"$201 in prizes
9 participants","$201 in prizes
9 participants","Beginner FriendlyGamingMachine Learning/AI, Beginner Friendly, Gaming, Machine Learning/AI",https://d2dmyh35ffsxbl.cloudfront.net/assets/defaults/thumbnail-placeholder-8c916ef4da99a222ce6ece077c71c7e282f071f830747b2abb5718018cbfa699.gif,"PiHacks Enhanced 24 days left Online $201 in prizes 9 participants PiHi CompSci Apr 01 - May 01, 2026 Invite only Beginner FriendlyGamingMachine Learning/AI"
devpost,Open Sourcery S26 Showcase,https://open-sourcery-s26-28480.devpost.com/?ref_feature=challenge&ref_medium=discover,"Feb 09 - May 04, 2026",,27 days left,"3 non-cash prizes
9 participants","3 non-cash prizes
9 participants","Open Ended, Open Ended",https://d112y698adiu2z.cloudfront.net/photos/production/challenge_thumbnails/004/242/500/datas/medium_square.png,"Open Sourcery S26 Showcase 27 days left University of Maryland – Knight Hall 3 non-cash prizes 9 participants Open Sourcery Feb 09 - May 04, 2026 Invite only Open Ended"
devpost,RaptorHacks,https://raptorhack.devpost.com/?ref_feature=challenge&ref_medium=discover,"Mar 22 - Apr 11, 2026",,4 days left,"1 non-cash prizes
7 participants","1 non-cash prizes
7 participants","Beginner FriendlyMachine Learning/AISocial Good, Beginner Friendly, Machine Learning/AI, Social Good",https://d2dmyh35ffsxbl.cloudfront.net/assets/defaults/thumbnail-placeholder-8c916ef4da99a222ce6ece077c71c7e282f071f830747b2abb5718018cbfa699.gif,"RaptorHacks 4 days left Montgomery College 1 non-cash prizes 7 participants Raptor Hacks Mar 22 - Apr 11, 2026 Invite only Beginner FriendlyMachine Learning/AISocial Good"
devpost,DEMOKHE,https://demokhe.devpost.com/?ref_feature=challenge&ref_medium=discover,"Mar 24, 2026 - Mar 24, 2030",,almost 4 years left,"1 non-cash prizes
7 participants","1 non-cash prizes
7 participants","EducationIoTMachine Learning/AI, Education, IoT, Machine Learning/AI",https://d2dmyh35ffsxbl.cloudfront.net/assets/defaults/thumbnail-placeholder-8c916ef4da99a222ce6ece077c71c7e282f071f830747b2abb5718018cbfa699.gif,"DEMOKHE almost 4 years left Online 1 non-cash prizes 7 participants HacKSU Mar 24, 2026 - Mar 24, 2030 EducationIoTMachine Learning/AI"
devpost,Hack days in hosur,https://hack-days-in-hosur.devpost.com/?ref_feature=challenge&ref_medium=discover,"Apr 07 - 08, 2026",,about 21 hours left,"1 non-cash prizes
5 participants","1 non-cash prizes
5 participants","FintechMachine Learning/AIWeb, Fintech, Machine Learning/AI, Web",https://d2dmyh35ffsxbl.cloudfront.net/assets/defaults/thumbnail-placeholder-8c916ef4da99a222ce6ece077c71c7e282f071f830747b2abb5718018cbfa699.gif,"Hack days in hosur about 21 hours left Hosur 1 non-cash prizes 5 participants MLH Apr 07 - 08, 2026 FintechMachine Learning/AIWeb"
devpost,MCA 2026 projects,https://mca-2026-projects.devpost.com/?ref_feature=challenge&ref_medium=discover,"Feb 27 - Dec 25, 2026",,9 months left,"1 non-cash prizes
5 participants","1 non-cash prizes
5 participants","Beginner Friendly, Beginner Friendly",https://d2dmyh35ffsxbl.cloudfront.net/assets/defaults/thumbnail-placeholder-8c916ef4da99a222ce6ece077c71c7e282f071f830747b2abb5718018cbfa699.gif,"MCA 2026 projects 9 months left Online 1 non-cash prizes 5 participants Mizzou Computing Association Feb 27 - Dec 25, 2026 Invite only Beginner Friendly"
devpost,Design and Development Hackathon,https://design-and-development.devpost.com/?ref_feature=challenge&ref_medium=discover,"Apr 07 - 08, 2026",,about 23 hours left,"2 non-cash prizes
4 participants","2 non-cash prizes
4 participants","E-commerce/Retail, E-commerce/Retail",https://d112y698adiu2z.cloudfront.net/photos/production/challenge_thumbnails/004/538/479/datas/medium_square.png,"Design and Development Hackathon about 23 hours left STEAMhouse 2 non-cash prizes 4 participants UNIHACK Apr 07 - 08, 2026 E-commerce/Retail"
devpost,ML Empowerment Build Challenge,https://ml-empowerment-build-challenge.devpost.com/?ref_feature=challenge&ref_medium=discover,"Apr 07 - May 13, 2026",,about 1 month left,"4 non-cash prizes
3 participants","4 non-cash prizes
3 participants","Beginner FriendlyEducationMachine Learning/AI, Beginner Friendly, Education, Machine Learning/AI",https://d112y698adiu2z.cloudfront.net/photos/production/challenge_thumbnails/004/542/613/datas/medium_square.png,"ML Empowerment Build Challenge about 1 month left Online 4 non-cash prizes 3 participants ML Empowerment Foundation Apr 07 - May 13, 2026 Beginner FriendlyEducationMachine Learning/AI"
devpost,Massachusetts Space Week 2026 Space Medicine Hackathon,https://mass-space-week-2026-hackathon.devpost.com/?ref_feature=challenge&ref_medium=discover,"Apr 07 - 17, 2026",,10 days left,"$500 in prizes
2 participants","$500 in prizes
2 participants","Beginner FriendlyHealthMachine Learning/AI, Beginner Friendly, Health, Machine Learning/AI",https://d112y698adiu2z.cloudfront.net/photos/production/challenge_thumbnails/004/517/920/datas/medium_square.jpg,"Massachusetts Space Week 2026 Space Medicine Hackathon 10 days left Museum of Science, Omni Theater $500 in prizes 2 participants The Space Consortium Apr 07 - 17, 2026 Beginner FriendlyHealthMachine Learning/AI"
devpost,PiHacks,https://pihacks.devpost.com/?ref_feature=challenge&ref_medium=discover,"Apr 01 - May 01, 2026",,24 days left,"$199 in prizes
0 participants","$199 in prizes
0 participants","Beginner FriendlyGamingMachine Learning/AI, Beginner Friendly, Gaming, Machine Learning/AI",https://d2dmyh35ffsxbl.cloudfront.net/assets/defaults/thumbnail-placeholder-8c916ef4da99a222ce6ece077c71c7e282f071f830747b2abb5718018cbfa699.gif,"PiHacks 24 days left Ann Arbor, MI, USA $199 in prizes 0 participants PiHi CompSci Apr 01 - May 01, 2026 Invite only Beginner FriendlyGamingMachine Learning/AI"
devpost,Splunk Agentic Ops Hackathon,https://splunk.devpost.com/?ref_feature=challenge&ref_medium=discover,"May 18 - Jun 15, 2026",,Upcoming,"$20,000 in prizes
362 participants","$20,000 in prizes
362 participants","Machine Learning/AI, Machine Learning/AI",https://d112y698adiu2z.cloudfront.net/photos/production/challenge_thumbnails/004/522/819/datas/medium_square.png,"FEATURED Splunk Agentic Ops Hackathon Upcoming Online $20,000 in prizes 362 participants Splunk May 18 - Jun 15, 2026 Managed by Devpost Machine Learning/AI"
devpost,FIND EVIL!,https://findevil.devpost.com/?ref_feature=challenge&ref_medium=discover,"Apr 15 - Jun 15, 2026",,Upcoming,"$22,000 in prizes
439 participants","$22,000 in prizes
439 participants","CybersecurityMachine Learning/AIBeginner Friendly, Cybersecurity, Machine Learning/AI, Beginner Friendly",https://d112y698adiu2z.cloudfront.net/photos/production/challenge_thumbnails/004/521/059/datas/medium_square.png,"FEATURED FIND EVIL! Upcoming Online $22,000 in prizes 439 participants sans Apr 15 - Jun 15, 2026 CybersecurityMachine Learning/AIBeginner Friendly"
devpost,LaunchHacks V,https://launchhacks-v.devpost.com/?ref_feature=challenge&ref_medium=discover,"Jun 06 - 07, 2026",,Upcoming,"$575 in prizes
398 participants","$575 in prizes
398 participants","Beginner FriendlyEducationMachine Learning/AI, Beginner Friendly, Education, Machine Learning/AI",https://d112y698adiu2z.cloudfront.net/photos/production/challenge_thumbnails/004/019/095/datas/medium_square.png,"LaunchHacks V Upcoming Online $575 in prizes 398 participants LaunchHacks Jun 06 - 07, 2026 Beginner FriendlyEducationMachine Learning/AI"
devpost,DevNetwork [AI + ML] Hackathon 2026,https://devnetwork-ai-ml-hack-2026.devpost.com/?ref_feature=challenge&ref_medium=discover,"May 11 - 28, 2026",,Upcoming,"5 non-cash prizes
329 participants","5 non-cash prizes
329 participants","DevOpsEnterpriseMachine Learning/AI, DevOps, Enterprise, Machine Learning/AI",https://d112y698adiu2z.cloudfront.net/photos/production/challenge_thumbnails/004/474/092/datas/medium_square.jpg,"DevNetwork [AI + ML] Hackathon 2026 Upcoming South SF Conference Center + Online 5 non-cash prizes 329 participants DevNetwork May 11 - 28, 2026 DevOpsEnterpriseMachine Learning/AI"
devpost,Google Build with AI Hackathon,https://google-build-with-ai-hackathon.devpost.com/?ref_feature=challenge&ref_medium=discover,"Apr 11 - 12, 2026",,Upcoming,"$8,000 in prizes
293 participants","$8,000 in prizes
293 participants","Machine Learning/AIOpen Ended, Machine Learning/AI, Open Ended",https://d112y698adiu2z.cloudfront.net/photos/production/challenge_thumbnails/004/335/077/datas/medium_square.png,"Google Build with AI Hackathon Upcoming St. Louis, MO, USA $8,000 in prizes 293 participants Developer Student Club WashU Apr 11 - 12, 2026 Machine Learning/AIOpen Ended"
devpost,United Hacks V7,https://unitedhacksv7.devpost.com/?ref_feature=challenge&ref_medium=discover,"Jul 10 - 12, 2026",,Upcoming,"$26,350 in prizes
254 participants","$26,350 in prizes
254 participants","Beginner FriendlyDesignEducation, Beginner Friendly, Design, Education",https://d112y698adiu2z.cloudfront.net/photos/production/challenge_thumbnails/004/184/471/datas/medium_square.png,"United Hacks V7 Upcoming Online $26,350 in prizes 254 participants Hack United Jul 10 - 12, 2026 Beginner FriendlyDesignEducation"
devpost,HackAmerica,https://hackamerica.devpost.com/?ref_feature=challenge&ref_medium=discover,"Apr 11 - 18, 2026",,Upcoming,"$1,200 in prizes
234 participants","$1,200 in prizes
234 participants","Beginner FriendlyDesignSocial Good, Beginner Friendly, Design, Social Good",https://d112y698adiu2z.cloudfront.net/photos/production/challenge_thumbnails/003/620/523/datas/medium_square.png,"HackAmerica Upcoming Online $1,200 in prizes 234 participants HackAmerica Apr 11 - 18, 2026 Beginner FriendlyDesignSocial Good"
devpost,IBM x UNSA Hackathon,https://ibm-unsa-hackathon.devpost.com/?ref_feature=challenge&ref_medium=discover,"May 08 - 10, 2026",,Upcoming,"5 non-cash prizes
144 participants","5 non-cash prizes
144 participants","DevOpsMachine Learning/AISocial Good, DevOps, Machine Learning/AI, Social Good",https://d112y698adiu2z.cloudfront.net/photos/production/challenge_thumbnails/004/465/283/datas/medium_square.png,"IBM x UNSA Hackathon Upcoming Online 5 non-cash prizes 144 participants IBM Z Sheridan x UNSA Sheridan May 08 - 10, 2026 DevOpsMachine Learning/AISocial Good"
devpost,JSS Navotthana 2.0,https://jss-navotthana-2-0.devpost.com/?ref_feature=challenge&ref_medium=discover,"Apr 10 - 11, 2026",,Upcoming,"₹ 40,000 in prizes
83 participants","₹ 40,000 in prizes
83 participants","CybersecurityLifehacksMachine Learning/AI, Cybersecurity, Lifehacks, Machine Learning/AI",https://d2dmyh35ffsxbl.cloudfront.net/assets/defaults/thumbnail-placeholder-8c916ef4da99a222ce6ece077c71c7e282f071f830747b2abb5718018cbfa699.gif,"JSS Navotthana 2.0 Upcoming JSSATEB ₹ 40,000 in prizes 83 participants JSSATEB Apr 10 - 11, 2026 CybersecurityLifehacksMachine Learning/AI"
devpost,DeveloperWeek New York 2026 Hackathon,https://dwny-2026-hackathon.devpost.com/?ref_feature=challenge&ref_medium=discover,"May 25 - Jun 10, 2026",,Upcoming,"2 non-cash prizes
79 participants","2 non-cash prizes
79 participants","DevOpsEnterpriseMachine Learning/AI, DevOps, Enterprise, Machine Learning/AI",https://d2dmyh35ffsxbl.cloudfront.net/assets/defaults/thumbnail-placeholder-8c916ef4da99a222ce6ece077c71c7e282f071f830747b2abb5718018cbfa699.gif,"DeveloperWeek New York 2026 Hackathon Upcoming TWA Hotel + Online 2 non-cash prizes 79 participants DevNetwork May 25 - Jun 10, 2026 DevOpsEnterpriseMachine Learning/AI"
devpost,ConHacks 2026,https://conhacks-2026.devpost.com/?ref_feature=challenge&ref_medium=discover,"Apr 28 - 30, 2026",,Upcoming,"6 non-cash prizes
76 participants","6 non-cash prizes
76 participants","Beginner FriendlyMachine Learning/AIWeb, Beginner Friendly, Machine Learning/AI, Web",https://d112y698adiu2z.cloudfront.net/photos/production/challenge_thumbnails/004/127/535/datas/medium_square.png,"ConHacks 2026 Upcoming Conestoga College, Waterloo Campus 6 non-cash prizes 76 participants Conestoga Computing Society (CCS) Apr 28 - 30, 2026 Beginner FriendlyMachine Learning/AIWeb"
devpost,QWEN AI BUILD DAY,https://qwen-ai-build-day.devpost.com/?ref_feature=challenge&ref_medium=discover,"Apr 10 - 17, 2026",,Upcoming,"$4,000 in prizes
69 participants","$4,000 in prizes
69 participants","EnterpriseMachine Learning/AIProductivity, Enterprise, Machine Learning/AI, Productivity",https://d112y698adiu2z.cloudfront.net/photos/production/challenge_thumbnails/004/515/703/datas/medium_square.jpg,"QWEN AI BUILD DAY Upcoming Riverside Palace, Ho Chi Minh $4,000 in prizes 69 participants GenAI Fund Apr 10 - 17, 2026 EnterpriseMachine Learning/AIProductivity"
devpost,HackNation,https://hack-nation.devpost.com/?ref_feature=challenge&ref_medium=discover,"Apr 25 - 26, 2026",,Upcoming,"$28,500 in prizes
66 participants","$28,500 in prizes
66 participants","Machine Learning/AIOpen EndedWeb, Machine Learning/AI, Open Ended, Web",https://d112y698adiu2z.cloudfront.net/photos/production/challenge_thumbnails/004/433/171/datas/medium_square.jpeg,"HackNation Upcoming Masters' Union $28,500 in prizes 66 participants hack nation Apr 25 - 26, 2026 Machine Learning/AIOpen EndedWeb"
devpost,Grizzly Hacks III,https://grizzly-hacks-iii.devpost.com/?ref_feature=challenge&ref_medium=discover,"Apr 25 - May 02, 2026",,Upcoming,"$4,500 in prizes
64 participants","$4,500 in prizes
64 participants","Beginner FriendlyMachine Learning/AISocial Good, Beginner Friendly, Machine Learning/AI, Social Good",https://d112y698adiu2z.cloudfront.net/photos/production/challenge_thumbnails/004/427/401/datas/medium_square.png,"Grizzly Hacks III Upcoming Online $4,500 in prizes 64 participants Grizzly Hacks Apr 25 - May 02, 2026 Beginner FriendlyMachine Learning/AISocial Good"
devpost,IATA ONE Record Hackathon – hosted by Cathay Cargo & CHAMP Cargosystems,https://onerecord-hkg.devpost.com/?ref_feature=challenge&ref_medium=discover,"Apr 24 - 26, 2026",,Upcoming,"$12,000 in prizes
59 participants","$12,000 in prizes
59 participants","AR/VREducationLow/No Code, AR/VR, Education, Low/No Code",https://d112y698adiu2z.cloudfront.net/photos/production/challenge_thumbnails/004/158/352/datas/medium_square.png,"IATA ONE Record Hackathon – hosted by Cathay Cargo & CHAMP Cargosystems Upcoming Cathay city $12,000 in prizes 59 participants iata Apr 24 - 26, 2026 AR/VREducationLow/No Code"
devpost,RidgeHacks 2026,https://ridgehacks-2026.devpost.com/?ref_feature=challenge&ref_medium=discover,"Apr 25, 2026",,Upcoming,"$2,000 in prizes
52 participants","$2,000 in prizes
52 participants","Beginner FriendlyOpen Ended, Beginner Friendly, Open Ended",https://d2dmyh35ffsxbl.cloudfront.net/assets/defaults/thumbnail-placeholder-8c916ef4da99a222ce6ece077c71c7e282f071f830747b2abb5718018cbfa699.gif,"RidgeHacks 2026 Upcoming Ridge High School $2,000 in prizes 52 participants Ridge Computer Science Club Apr 25, 2026 Beginner FriendlyOpen Ended"
devpost,LA Hacks 2026,https://la-hacks-2026.devpost.com/?ref_feature=challenge&ref_medium=discover,"Apr 24 - 26, 2026",,Upcoming,"$29,419 in prizes
52 participants","$29,419 in prizes
52 participants","Beginner FriendlyOpen EndedSocial Good, Beginner Friendly, Open Ended, Social Good",https://d112y698adiu2z.cloudfront.net/photos/production/challenge_thumbnails/004/469/854/datas/medium_square.png,"LA Hacks 2026 Upcoming Pauley Pavilion $29,419 in prizes 52 participants LA Hacks Apr 24 - 26, 2026 Invite only Beginner FriendlyOpen EndedSocial Good"
devpost,Hack Days Ankara: Build with Gemini,https://hack-days-ankara.devpost.com/?ref_feature=challenge&ref_medium=discover,"May 20, 2026",,Upcoming,"1 non-cash prizes
43 participants","1 non-cash prizes
43 participants","Low/No CodeMachine Learning/AIOpen Ended, Low/No Code, Machine Learning/AI, Open Ended",https://d112y698adiu2z.cloudfront.net/photos/production/challenge_thumbnails/004/364/662/datas/medium_square.png,"Hack Days Ankara: Build with Gemini Upcoming Online 1 non-cash prizes 43 participants MLH May 20, 2026 Low/No CodeMachine Learning/AIOpen Ended"
devpost,evensonarisnord,https://evensonarisnord.devpost.com/?ref_feature=challenge&ref_medium=discover,"Dec 31, 2026",,Upcoming,"$150 in prizes
42 participants","$150 in prizes
42 participants","CommunicationDatabases, Communication, Databases",https://d112y698adiu2z.cloudfront.net/photos/production/challenge_thumbnails/003/858/918/datas/medium_square.jpeg,"evensonarisnord Upcoming Online $150 in prizes 42 participants HoustonHacks2026 Dec 31, 2026 CommunicationDatabases"
devpost,SS Hacker Team Cybersecurity GLOBAL Challenge 2026,https://sshackerteamglobal.devpost.com/?ref_feature=challenge&ref_medium=discover,"May 10 - 25, 2026",,Upcoming,"1 non-cash prizes
40 participants","1 non-cash prizes
40 participants","CybersecurityEducationMachine Learning/AI, Cybersecurity, Education, Machine Learning/AI",https://d112y698adiu2z.cloudfront.net/photos/production/challenge_thumbnails/004/427/812/datas/medium_square.jpg,"SS Hacker Team Cybersecurity GLOBAL Challenge 2026 Upcoming Online 1 non-cash prizes 40 participants meet May 10 - 25, 2026 CybersecurityEducationMachine Learning/AI"
devpost,DevonomicsV1,https://devonomicsv1.devpost.com/?ref_feature=challenge&ref_medium=discover,"Jun 04 - 12, 2026",,Upcoming,"1 non-cash prizes
40 participants","1 non-cash prizes
40 participants","DatabasesFintechProductivity, Databases, Fintech, Productivity",https://d112y698adiu2z.cloudfront.net/photos/production/challenge_thumbnails/004/193/180/datas/medium_square.png,"DevonomicsV1 Upcoming Online 1 non-cash prizes 40 participants Devonomics Jun 04 - 12, 2026 DatabasesFintechProductivity"
devpost,Los Altos Hacks X,https://los-altos-hacks-x.devpost.com/?ref_feature=challenge&ref_medium=discover,"Apr 11 - 12, 2026",,Upcoming,"13 non-cash prizes
37 participants","13 non-cash prizes
37 participants","Beginner FriendlyOpen Ended, Beginner Friendly, Open Ended",https://d112y698adiu2z.cloudfront.net/photos/production/challenge_thumbnails/004/523/176/datas/medium_square.png,"Los Altos Hacks X Upcoming Aspiration Dome 13 non-cash prizes 37 participants Los Altos Hacks Apr 11 - 12, 2026 Invite only Beginner FriendlyOpen Ended"
devpost,BearHacks 2026,https://bearhacks2026.devpost.com/?ref_feature=challenge&ref_medium=discover,"Apr 24 - 26, 2026",,Upcoming,"3 non-cash prizes
37 participants","3 non-cash prizes
37 participants","Beginner FriendlyDesignMachine Learning/AI, Beginner Friendly, Design, Machine Learning/AI",https://d112y698adiu2z.cloudfront.net/photos/production/challenge_thumbnails/004/376/540/datas/medium_square.png,"BearHacks 2026 Upcoming Sheridan College Hazel McCallion Campus 3 non-cash prizes 37 participants BearHacks Apr 24 - 26, 2026 Invite only Beginner FriendlyDesignMachine Learning/AI"
devpost,Tech to Treasure Hackathon,https://techtotreasure.devpost.com/?ref_feature=challenge&ref_medium=discover,"Jun 01, 2026",,Upcoming,"$450 in prizes
37 participants","$450 in prizes
37 participants","Beginner FriendlyEducationSocial Good, Beginner Friendly, Education, Social Good",https://d112y698adiu2z.cloudfront.net/photos/production/challenge_thumbnails/004/303/066/datas/medium_square.png,"Tech to Treasure Hackathon Upcoming Tully Community Branch Library $450 in prizes 37 participants bin to better Jun 01, 2026 Beginner FriendlyEducationSocial Good"
devpost,Designathon Spring 2026,https://design-competition-2026.devpost.com/?ref_feature=challenge&ref_medium=discover,"Apr 10 - 12, 2026",,Upcoming,"3 non-cash prizes
36 participants","3 non-cash prizes
36 participants","CommunicationDesignE-commerce/Retail, Communication, Design, E-commerce/Retail",https://d112y698adiu2z.cloudfront.net/photos/production/challenge_thumbnails/004/524/200/datas/medium_square.jpg,"Designathon Spring 2026 Upcoming Online 3 non-cash prizes 36 participants New York University Apr 10 - 12, 2026 CommunicationDesignE-commerce/Retail"
devpost,Caltech Longevity Hackathon 2026,https://caltechlongevity.devpost.com/?ref_feature=challenge&ref_medium=discover,"May 22 - 24, 2026",,Upcoming,"1 non-cash prizes
36 participants","1 non-cash prizes
36 participants","Health, Health",https://d112y698adiu2z.cloudfront.net/photos/production/challenge_thumbnails/004/087/404/datas/medium_square.png,"Caltech Longevity Hackathon 2026 Upcoming Caltech Longevity Club 1 non-cash prizes 36 participants Caltech May 22 - 24, 2026 Health"
devpost,Box Box,https://box-box.devpost.com/?ref_feature=challenge&ref_medium=discover,"May 01 - 03, 2026",,Upcoming,"4 non-cash prizes
34 participants","4 non-cash prizes
34 participants","Machine Learning/AIOpen EndedAR/VR, Machine Learning/AI, Open Ended, AR/VR",https://d112y698adiu2z.cloudfront.net/photos/production/challenge_thumbnails/004/416/881/datas/medium_square.png,"Box Box Upcoming Online 4 non-cash prizes 34 participants Tech Horizons Club May 01 - 03, 2026 Machine Learning/AIOpen EndedAR/VR"
devpost,Hook 'Em Hacks,https://hook-em-hacks.devpost.com/?ref_feature=challenge&ref_medium=discover,"Apr 18 - 19, 2026",,Upcoming,"$1,500 in prizes
33 participants","$1,500 in prizes
33 participants","Beginner FriendlyMachine Learning/AIProductivity, Beginner Friendly, Machine Learning/AI, Productivity",https://d2dmyh35ffsxbl.cloudfront.net/assets/defaults/thumbnail-placeholder-8c916ef4da99a222ce6ece077c71c7e282f071f830747b2abb5718018cbfa699.gif,"Hook 'Em Hacks Upcoming University of Texas Austin - Union $1,500 in prizes 33 participants MLH Apr 18 - 19, 2026 Beginner FriendlyMachine Learning/AIProductivity"
devpost,StarkHacks,https://starkhacks.devpost.com/?ref_feature=challenge&ref_medium=discover,"Apr 17 - 19, 2026",,Upcoming,"1 non-cash prizes
32 participants","1 non-cash prizes
32 participants","IoTMachine Learning/AIRobotic Process Automation, IoT, Machine Learning/AI, Robotic Process Automation",https://d112y698adiu2z.cloudfront.net/photos/production/challenge_thumbnails/004/048/570/datas/medium_square.png,"StarkHacks Upcoming Purdue University 1 non-cash prizes 32 participants Humanoid Robot Club Apr 17 - 19, 2026 Invite only IoTMachine Learning/AIRobotic Process Automation"
devpost,Build with AI: Code Social – From Idea to Demo,https://build-with-ai-cs.devpost.com/?ref_feature=challenge&ref_medium=discover,"Apr 10 - 12, 2026",,Upcoming,"1 non-cash prizes
31 participants","1 non-cash prizes
31 participants","WebLow/No CodeSocial Good, Web, Low/No Code, Social Good",https://d112y698adiu2z.cloudfront.net/photos/production/challenge_thumbnails/004/526/759/datas/medium_square.png,"Build with AI: Code Social – From Idea to Demo Upcoming Online 1 non-cash prizes 31 participants Google Developers Apr 10 - 12, 2026 WebLow/No CodeSocial Good"
devpost,Hack for Humanity | Summer 2026,https://hack-for-humanity-summer-26.devpost.com/?ref_feature=challenge&ref_medium=discover,"Jul 03 - Aug 02, 2026",,Upcoming,"1 non-cash prizes
30 participants","1 non-cash prizes
30 participants","Beginner FriendlyHealthMachine Learning/AI, Beginner Friendly, Health, Machine Learning/AI",https://d112y698adiu2z.cloudfront.net/photos/production/challenge_thumbnails/004/429/605/datas/medium_square.png,"Hack for Humanity | Summer 2026 Upcoming Online 1 non-cash prizes 30 participants Hack for Humanity Jul 03 - Aug 02, 2026 Beginner FriendlyHealthMachine Learning/AI"
devpost,AEE Energy Hackathon,https://asu-energy-hackathon.devpost.com/?ref_feature=challenge&ref_medium=discover,"Apr 18 - 19, 2026",,Upcoming,"$1,500 in prizes
29 participants","$1,500 in prizes
29 participants","IoTMachine Learning/AIWeb, IoT, Machine Learning/AI, Web",https://d112y698adiu2z.cloudfront.net/photos/production/challenge_thumbnails/004/437/597/datas/medium_square.png,"AEE Energy Hackathon Upcoming No location yet $1,500 in prizes 29 participants Arizona State University Apr 18 - 19, 2026 IoTMachine Learning/AIWeb"
devpost,Youth Code x AI,https://youth-code-x-ai-29376.devpost.com/?ref_feature=challenge&ref_medium=discover,"Jun 20 - 27, 2026",,Upcoming,"$1,200 in prizes
28 participants","$1,200 in prizes
28 participants","Beginner FriendlyMobileWeb, Beginner Friendly, Mobile, Web",https://d112y698adiu2z.cloudfront.net/photos/production/challenge_thumbnails/004/495/640/datas/medium_square.png,"Youth Code x AI Upcoming Online $1,200 in prizes 28 participants Youth Code Foundation Jun 20 - 27, 2026 Beginner FriendlyMobileWeb"
devpost,SVC Hackathon: Environmental Conservation,https://svchackathon2026.devpost.com/?ref_feature=challenge&ref_medium=discover,"May 02, 2026",,Upcoming,"1 non-cash prizes
27 participants","1 non-cash prizes
27 participants","DesignIoTSocial Good, Design, IoT, Social Good",https://d112y698adiu2z.cloudfront.net/photos/production/challenge_thumbnails/004/367/536/datas/medium_square.png,"SVC Hackathon: Environmental Conservation Upcoming Skagit Valley College - Lewis Hall 1 non-cash prizes 27 participants Skagit Valley College May 02, 2026 DesignIoTSocial Good"
devpost,GlobeHack,https://globehack.devpost.com/?ref_feature=challenge&ref_medium=discover,"Apr 18 - 19, 2026",,Upcoming,"6 non-cash prizes
25 participants","6 non-cash prizes
25 participants","Beginner FriendlyFintechMachine Learning/AI, Beginner Friendly, Fintech, Machine Learning/AI",https://d112y698adiu2z.cloudfront.net/photos/production/challenge_thumbnails/004/474/324/datas/medium_square.jpg,"GlobeHack Upcoming Tempe 6 non-cash prizes 25 participants GCN & ACM at ASU Apr 18 - 19, 2026 Beginner FriendlyFintechMachine Learning/AI"
devpost,Big Red Hacks 2026,https://big-red-hacks-2026.devpost.com/?ref_feature=challenge&ref_medium=discover,"Apr 11, 2026",,Upcoming,"$0 in prizes
24 participants","$0 in prizes
24 participants","Beginner FriendlyEducationSocial Good, Beginner Friendly, Education, Social Good",https://d112y698adiu2z.cloudfront.net/photos/production/challenge_thumbnails/004/222/516/datas/medium_square.png,"Big Red Hacks 2026 Upcoming The Lawrenceville School $0 in prizes 24 participants The Lawrenceville School AI Council Apr 11, 2026 Beginner FriendlyEducationSocial Good"
devpost,Hack Cupertino 2026,https://hack-cupertino-2026.devpost.com/?ref_feature=challenge&ref_medium=discover,"Apr 11 - 12, 2026",,Upcoming,"3 non-cash prizes
24 participants","3 non-cash prizes
24 participants","Beginner FriendlyDesignSocial Good, Beginner Friendly, Design, Social Good",https://d112y698adiu2z.cloudfront.net/photos/production/challenge_thumbnails/004/248/849/datas/medium_square.png,"Hack Cupertino 2026 Upcoming Quinlan Community Center 3 non-cash prizes 24 participants City of Cupertino Apr 11 - 12, 2026 Beginner FriendlyDesignSocial Good"
devfolio,MumbaiHacks 2025 - Round 1 (Online),https://mumbaihacks25-round1.devfolio.co/,,,,,,,https://assets.devfolio.co/users/f291e6e73e4547ad913c38839e6be5de/avatar-06705f42-21c7-4749-9305-0f0bc7aef330.jpeg,MumbaiHacks 2025 - Round 1 (Online) Hackathon 4.3 THEME NO RESTRICTIONS +20000 participated ONLINE ENDED See projects
devfolio,Onchain Summer Buildathon,https://onchain-summer.devfolio.co/,,,,,,,https://assets.devfolio.co/users/430c0ae69eb2429296f6e075659d3dd9/avatar-e6e81563-1f5a-43e8-9645-c5639c150751.jpeg,Onchain Summer Buildathon Hackathon 4.4 THEME NO RESTRICTIONS +20000 participated ONLINE ENDED See projects
devfolio,Base Batches 002: Builder Track,https://base-batches-builder-track.devfolio.co/,,,,,,,https://assets.devfolio.co/users/78ae77a7e49249eab907d709713cb5ae/avatar-2acfa1e1-7e4b-4804-925d-0f7239dde055.jpeg,Base Batches 002: Builder Track Hackathon 4.5 THEME NO RESTRICTIONS +1000 participated ONLINE ENDED See projects
devfolio,HACKHAZARDS '25,https://hackhazards25.devfolio.co/,,,,,,,https://assets.devfolio.co/users/f331c1cdd85544f596aa27e01979b1cb/avatar-761491fb-1ef5-48c3-abe4-7fcb95d0e7e5.jpeg,HACKHAZARDS '25 Hackathon 4.5 THEME NO RESTRICTIONS +15000 participated ONLINE ENDED See projects
devfolio,Onchain Summer Awards,https://onchain-summer-awards.devfolio.co/,,,,,,,https://assets.devfolio.co/users/78ae77a7e49249eab907d709713cb5ae/avatar-2acfa1e1-7e4b-4804-925d-0f7239dde055.jpeg,Onchain Summer Awards Hackathon 4.3 THEME NO RESTRICTIONS +5000 participated ONLINE ENDED See projects
devfolio,HackOdisha 5.0,https://hackodisha-4.devfolio.co/,,,,,,,https://assets.devfolio.co/users/ec2a88e5f2f5418ab50c8041e1680876/avatar-4630637f-6742-45c1-8b73-03bb2c8663ee.jpeg,HackOdisha 5.0 Hackathon 4.2 THEME NO RESTRICTIONS +5000 participated ONLINE ENDED See projects
devfolio,Winter of Code 5.0,https://winter-of-code-5.devfolio.co/,,,,,,,https://assets.devfolio.co/users/ed189160cb71425ba63e6a2ef7d7fd75/avatar-511410df-679b-4799-bc7b-90f7f1cf6190.jpeg,Winter of Code 5.0 Hackathon THEME NO RESTRICTIONS +1000 participated ONLINE ENDED See projects
devfolio,Chromion: A Chainlink Hackathon,https://chromion-chainlink-hackathon.devfolio.co/,,,,,,,https://assets.devfolio.co/users/70b74047f40e420aae56185a22b6d7c8/avatar-7624d0b3-32dc-4ae6-97df-35bf9df106ff.jpeg,Chromion: A Chainlink Hackathon Hackathon 4.6 THEME NO RESTRICTIONS +5000 participated ONLINE ENDED See projects
devfolio,DUHacks 5.0,https://duhacks5.devfolio.co/,,,,,,,https://assets.devfolio.co/users/986bfa3628a04fc2aa8950c333e00ace/avatar-8660091a-2542-44b5-9944-d235d7292687.jpeg,DUHacks 5.0 Hackathon THEME NO RESTRICTIONS +1000 participated ONLINE ENDED See projects
devfolio,mosAIc: AI in action with The Product Folks,https://mosaicbytpf.devfolio.co/,,,,,,,https://assets.devfolio.co/users/7f2bbe4188b648dfaa8de30e2dc59e89/avatar-ba0e3ac7-2776-4915-9682-1cbb20c45c68.jpeg,mosAIc: AI in action with The Product Folks Hackathon 4.1 THEME NO RESTRICTIONS +1000 participated ONLINE ENDED See projects
devfolio,Hack-N-Win 3.0,https://hacknwin-3.devfolio.co/,,,,,,,https://assets.devfolio.co/users/3cb1f00befbf482b9ae5edb7f35198fc/avatar-4761a6b2-bdd7-4a4f-872b-f3d7eb87e89a.jpeg,Hack-N-Win 3.0 Hackathon 3 THEME NO RESTRICTIONS +1000 participated OFFLINE ENDED See projects
devfolio,Zypherpunk,https://zypherpunk.devfolio.co/,,,,,,,https://assets.devfolio.co/users/4bcffb67943d4f4eb24c086f330b91f3/avatar-4fc3f260-9f7c-420a-80d3-2538031fb3d2.jpeg,Zypherpunk Hackathon 4.5 THEME NO RESTRICTIONS +500 participated ONLINE ENDED See projects
devfolio,DUHacks 4.0,https://duhacks4.devfolio.co/,,,,,,,https://assets.devfolio.co/users/7a24d999018449c08d6532e57e967471/avatar-b5a77625-1dfb-41c8-91fd-6dbb492d6ede.jpeg,DUHacks 4.0 Hackathon 3.7 THEME NO RESTRICTIONS +5000 participated ONLINE ENDED See projects
devfolio,Based Africa,https://based-africa.devfolio.co/,,,,,,,https://assets.devfolio.co/users/d2caf9fbc2de4e8fa461be74ec492c39/avatar-45d3c7a5-a694-4c2e-b551-62aaa2b45a19.jpeg,Based Africa Hackathon 4.1 THEME NO RESTRICTIONS +1000 participated ONLINE ENDED See projects
devfolio,Base Batch Africa,https://base-batch-africa.devfolio.co/,,,,,,,https://assets.devfolio.co/users/49720b620d3248b48e56b6a3c7e601d1/avatar-8541c9e2-f353-478c-9c2f-a1596b260ff4.jpeg,Base Batch Africa Hackathon 4.2 THEME NO RESTRICTIONS +1000 participated ONLINE ENDED See projects
devfolio,REVA HACK </> 2021,https://revahack21.devfolio.co/,,,,,,,https://assets.devfolio.co/users/734a9100c91641d1a9195137b5d05659/avatar-1dbf5dc8-8d84-4c6f-86bc-c107fde21b90.jpeg,REVA HACK </> 2021 Hackathon 4 THEME NO RESTRICTIONS +1000 participated ONLINE ENDED See projects
devfolio,Hack This Fall 2024 Virtual,https://hackthisfall-virtual.devfolio.co/,,,,,,,https://assets.devfolio.co/users/50a70af1b95c4e74b5ab3351b226c474/avatar-9ca66631-1d5a-45f3-93d8-d505b3309ddc.jpeg,Hack This Fall 2024 Virtual Hackathon 4.2 THEME NO RESTRICTIONS +1000 participated ONLINE ENDED See projects
devfolio,Hackodisha 2.0,https://hackodisha2022.devfolio.co/,,,,,,,https://assets.devfolio.co/users/1f8d18c577cc49b0a78a3918cf51d70b/avatar-04659e23-d98f-49dc-a249-fa1241269761.jpeg,Hackodisha 2.0 Hackathon 4.2 THEME NO RESTRICTIONS +1000 participated ONLINE ENDED See projects
devfolio,Based India,https://based-india.devfolio.co/,,,,,,,https://assets.devfolio.co/users/2191a2e795fd4cbfb98b839a9c5c3833/avatar-dcc56b3d-321d-4388-95cc-48e2fa0efb2f.jpeg,Based India Hackathon 4.5 THEME NO RESTRICTIONS +1000 participated ONLINE ENDED See projects
devfolio,Syntax Error 2025,https://syntax-error-2025.devfolio.co/,,,,,,,https://assets.devfolio.co/users/54aed42b618f4efa925967a7170c7edf/avatar-1031b611-8657-47a5-889c-0afed4924e1c.jpeg,Syntax Error 2025 Hackathon THEME NO RESTRICTIONS +1000 participated ONLINE ENDED See projects
devfolio,Safe Agentathon,https://safe-agents.devfolio.co/,,,,,,,https://assets.devfolio.co/users/f45c7c4477874ea384bf26f369790083/avatar-6dad4c1b-60c3-46eb-9936-5eeba465697f.jpeg,Safe Agentathon Hackathon 4 THEME NO RESTRICTIONS +1000 participated ONLINE ENDED See projects
devfolio,Hackxios 2K25,https://hackxios2k25.devfolio.co/,,,,,,,https://assets.devfolio.co/users/81499294c70040af8a978caf088047be/avatar-896ea8f7-562a-45d0-9c29-0657a45e4a65.jpeg,Hackxios 2K25 Hackathon THEME NO RESTRICTIONS +1000 participated ONLINE ENDED See projects
devfolio,Flow Hackathon Season 2,https://flow-hackathon-s2.devfolio.co/,,,,,,,https://assets.devfolio.co/users/10f97e11f023460c826ff6cfefbe19c2/avatar-8ad8f75b-f7e5-4d14-b2f1-98e67f8e0091.jpeg,Flow Hackathon Season 2 Hackathon 4 THEME NO RESTRICTIONS +5000 participated ONLINE ENDED See projects
devfolio,BUIDL IT,https://buidlit.devfolio.co/,,,,,,,https://assets.devfolio.co/users/fd1f1ce861b94758878bfc1245debb35/avatar.jpeg,BUIDL IT Hackathon 4.5 THEME NO RESTRICTIONS +5000 participated ONLINE ENDED See projects
devfolio,ETHDenver 2026,https://ethdenver2026.devfolio.co/,,,,,,,https://assets.devfolio.co/users/48362ff2b889447bbd0b63038a373e3c/avatar-72e5b1d9-5f29-49f3-901a-5bbce8f56a44.jpeg,ETHDenver 2026 Hackathon 2.7 THEME NO RESTRICTIONS +5000 participated OFFLINE ENDED See projects
devfolio,ETHDenver 2024,https://ethdenver2024.devfolio.co/,,,,,,,https://assets.devfolio.co/users/3a599eab94864047aa07359c0e066520/avatar-4bcadbaa-5ad9-4b2f-a071-16c56c21c2d3.jpeg,ETHDenver 2024 Hackathon 3.9 THEME NO RESTRICTIONS +1000 participated OFFLINE ENDED See projects
devfolio,The Ultimate Solution Challenge 2023,https://ultimate-solution-challenge-2023.devfolio.co/,,,,,,,https://assets.devfolio.co/users/3a99d867f0d84e18b3eca0a4d08e5db3/avatar-e8577262-4410-4ce1-8b73-124e8a6d0cfd.jpeg,The Ultimate Solution Challenge 2023 Hackathon 3.8 THEME NO RESTRICTIONS +1000 participated ONLINE ENDED See projects
devfolio,ETHIndia 2024,https://ethindia2024.devfolio.co/,,,,,,,https://assets.devfolio.co/users/abbb3049f45f406cb90fe9ed1041f9d1/avatar-de650530-89d5-4be2-97de-deca33b1fd73.jpeg,ETHIndia 2024 Hackathon 3.9 THEME NO RESTRICTIONS +5000 participated OFFLINE ENDED See projects
devfolio,Move AI Hackathon,https://move-ai-hackathon.devfolio.co/,,,,,,,https://assets.devfolio.co/users/e3899afb4b714e48997c6c8d6ea8f29f/avatar-7ea3e0ed-e924-4e9d-9830-c07b6edef2be.jpeg,Move AI Hackathon Hackathon 2.2 THEME NO RESTRICTIONS +1000 participated ONLINE ENDED See projects
devfolio,Octahacks 5.0,https://octahacks.devfolio.co/,,,,,,,https://assets.devfolio.co/users/3963322618cc4ab694489fb73a54f1f6/avatar.jpeg,Octahacks 5.0 Hackathon 3.2 THEME NO RESTRICTIONS +1000 participated ONLINE ENDED See projects
devfolio,NexHack,https://nexhack.devfolio.co/,,,,,,,https://assets.devfolio.co/users/ca27af2053414750845d305df469fa38/avatar-5066d0af-9630-491a-a598-37423f633b6b.jpeg,NexHack Hackathon 2.3 THEME NO RESTRICTIONS +1000 participated OFFLINE ENDED See projects
devfolio,ETHDenver 2025,https://ethdenver2025.devfolio.co/,,,,,,,https://assets.devfolio.co/users/05a18f4ae2ed4089ad2bf849cf0bb540/avatar-0b595cff-46a5-4eba-af30-200953344741.jpeg,ETHDenver 2025 Hackathon 3.8 THEME NO RESTRICTIONS +5000 participated OFFLINE ENDED See projects
devfolio,brAInwave 2.0,https://brainwave2.devfolio.co/,,,,,,,https://assets.devfolio.co/users/0d53735b2296499bb5f89fa04148a072/avatar-bbbafac6-32f1-4fc3-a45c-9d77a8794bae.jpeg,brAInwave 2.0 Hackathon 4.7 THEME NO RESTRICTIONS +1000 participated OFFLINE ENDED See projects
devfolio,Base Batch India,https://base-batch-india.devfolio.co/,,,,,,,https://assets.devfolio.co/users/e51007567ee143b59460a07e61cd6cd9/avatar-ba41b9ec-3d5d-4eb9-b32c-1674a545a9f3.jpeg,Base Batch India Hackathon 4.4 THEME NO RESTRICTIONS +1000 participated ONLINE ENDED See projects
devfolio,AceHack 5.0,https://acehack5.devfolio.co/,,,,,,,https://assets.devfolio.co/users/0f1a51f260784249be9ef31d65181d80/avatar-ee649f19-600d-4774-aa58-758b197a74a9.jpeg,AceHack 5.0 Hackathon 4.5 THEME NO RESTRICTIONS +1000 participated OFFLINE ENDED See projects
devfolio,Manthan,https://manthan.devfolio.co/,,,,,,,https://assets.devfolio.co/users/7834a24c75894de7b11fab92d1a5dc68/avatar-19049319-a549-4fe3-a871-af2830df3ac3.jpeg,Manthan Hackathon 4.2 THEME NO RESTRICTIONS +1000 participated ONLINE ENDED See projects
devfolio,Hack This Fall 2025 - Milestone Edition,https://hackthisfall.devfolio.co/,,,,,,,https://assets.devfolio.co/users/c4d6edf0a96842438c54ede449f1e003/avatar-9ebd296f-c7dc-4647-93ea-26d37047511a.jpeg,Hack This Fall 2025 - Milestone Edition Hackathon 3.6 THEME NO RESTRICTIONS +1000 participated ONLINE ENDED See projects
devfolio,hackCBS 8.0,https://hackcbs-8.devfolio.co/,,,,,,,https://assets.devfolio.co/users/0d53735b2296499bb5f89fa04148a072/avatar-bbbafac6-32f1-4fc3-a45c-9d77a8794bae.jpeg,hackCBS 8.0 Hackathon 3.9 THEME NO RESTRICTIONS +5000 participated OFFLINE ENDED See projects
devfolio,Hack4Bengal,https://hack4bengal.devfolio.co/,,,,,,,https://assets.devfolio.co/users/ead300dcee654151b47b75414d13225a/avatar-c63fd740-6eca-4d13-b2db-ef90a72cf744.jpeg,Hack4Bengal Hackathon 4.5 THEME NO RESTRICTIONS +1000 participated ONLINE ENDED See projects
devfolio,Based SEA,https://based-sea.devfolio.co/,,,,,,,https://assets.devfolio.co/users/61ef242e792743509629bfcafe2ec4c6/avatar-b33b4baf-5783-4b65-adfa-e04e025024c8.jpeg,Based SEA Hackathon 4.3 THEME NO RESTRICTIONS +1000 participated ONLINE ENDED See projects
devfolio,Coinbase Agents in Action Hackathon,https://cdp-agentkit-hackathon.devfolio.co/,,,,,,,https://assets.devfolio.co/users/dbebe69814744273ad4eeb06c4c83fbc/avatar-71853ca9-8999-4f2f-a4e0-9464b68b64dc.jpeg,Coinbase Agents in Action Hackathon Hackathon 4.5 THEME NO RESTRICTIONS +500 participated ONLINE ENDED See projects
devfolio,Diversion 2K26,https://diversion2k26.devfolio.co/,,,,,,,https://assets.devfolio.co/users/8ebe7b6d31c2495fafbdb22aa1fe3795/avatar-adc4a4d5-de1b-44a5-ae0d-c231fb939bb8.jpeg,Diversion 2K26 Hackathon 3.8 THEME NO RESTRICTIONS +1000 participated OFFLINE ENDED See projects
devfolio,OctaHacks 4.0,https://octahacks4.devfolio.co/,,,,,,,https://assets.devfolio.co/users/aced2b3c760e4c3da74e7a78a20cf330/avatar.jpeg,OctaHacks 4.0 Hackathon 4.6 THEME NO RESTRICTIONS +1000 participated ONLINE ENDED See projects
devfolio,Based LatAm,https://based-latam.devfolio.co/,,,,,,,https://assets.devfolio.co/users/a04d1ecee50a4365ab42de874b219178/avatar-7b1ced1e-f745-466f-9cec-dd490c81e52b.jpeg,Based LatAm Hackathon 4.5 THEME NO RESTRICTIONS +1000 participated ONLINE ENDED See projects
devfolio,Base Batch North America,https://base-batch-america.devfolio.co/,,,,,,,https://assets.devfolio.co/users/d58a6693123a426ea9d64996fd49b712/avatar-181cb33d-d942-4774-acf5-638cdaa01ee4.jpeg,Base Batch North America Hackathon 4.1 THEME NO RESTRICTIONS +500 participated ONLINE ENDED See projects
devfolio,Base Batch APAC,https://base-batch-apac.devfolio.co/,,,,,,,https://assets.devfolio.co/users/eea8352fbcc142b2ac32566306746b6d/avatar-f4524058-165a-4885-8dc5-25d68b66bd77.jpeg,Base Batch APAC Hackathon 4.4 THEME NO RESTRICTIONS +500 participated ONLINE ENDED See projects
devfolio,Web3 Hackfest,https://web3-hackfest.devfolio.co/,,,,,,,https://assets.devfolio.co/users/5c8dd092d7264885a7efcafac32fd6d3/avatar-5bd2ab97-886f-4f86-9713-d69dac25b5f6.jpeg,Web3 Hackfest Hackathon 4.9 THEME NO RESTRICTIONS +1000 participated ONLINE ENDED See projects
devfolio,Electrothon 8.0,https://electrothon-8.devfolio.co/,,,,,,,https://assets.devfolio.co/users/89ba59fd04114a249aa20d8845332140/avatar-b941d0fb-675a-49ae-a721-09e35ac6ebf2.jpeg,Electrothon 8.0 Hackathon 3.4 THEME NO RESTRICTIONS +1000 participated OFFLINE ENDED See projects
devfolio,Hack4Bengal 4.0,https://hack4bengal-4.devfolio.co/,,,,,,,https://assets.devfolio.co/users/40eb4adb6f9b4f24829745c6c3cb8d24/avatar-f1e30f52-ec13-4f5f-bb6d-e7224cc83082.jpeg,Hack4Bengal 4.0 Hackathon 4 THEME NO RESTRICTIONS +1000 participated OFFLINE ENDED See projects
devfolio,HackDefine 2022,https://hackdefine.devfolio.co/,,,,,,,https://assets.devfolio.co/users/4aea04a65ae5449cb2b86c641084f16f/avatar-5f08bd62-d3e7-42fc-b048-9c42724f67b0.png,HackDefine 2022 Hackathon 3.6 THEME NO RESTRICTIONS +1000 participated ONLINE ENDED See projects
devfolio,MERGE-CONFLICT,https://mergeconflict.devfolio.co/,,,,,,,https://assets.devfolio.co/users/2f4c1d17baf048ed9e958b5ba719403d/avatar-17d44ad4-c064-4069-8d22-d07d74df8c6b.jpeg,MERGE-CONFLICT Hackathon 3.8 THEME NO RESTRICTIONS +500 participated ONLINE ENDED See projects
devfolio,Hacknovate-7.0,https://hacknovate07.devfolio.co/,,,,,,,https://assets.devfolio.co/users/5729f7fe5be04325bc0abddf73d2b96c/avatar-af5ddfd9-204d-40cd-871b-b265715ae76b.jpeg,Hacknovate-7.0 Hackathon 3.6 THEME NO RESTRICTIONS +5000 participated OFFLINE ENDED See projects
devfolio,Base Batch Europe,https://base-batch-europe.devfolio.co/,,,,,,,https://assets.devfolio.co/users/53243d3b4795429695fea1ef4a917537/avatar-c2d0f637-9f43-4d10-9df1-598fc6211f99.jpeg,Base Batch Europe Hackathon 4.8 THEME NO RESTRICTIONS +500 participated ONLINE ENDED See projects
devfolio,Base Indonesia Hackathon 2025,https://base-indonesia-hackathon-2025.devfolio.co/,,,,,,,https://assets.devfolio.co/users/57557dca7f8a4014bbe275cf987ca432/avatar-00ce35c6-1df7-4209-92c5-d4c4b233a746.jpeg,Base Indonesia Hackathon 2025 Hackathon 4.9 THEME NO RESTRICTIONS +500 participated ONLINE ENDED See projects
devfolio,Build On,https://build-on.devfolio.co/,,,,,,,https://assets.devfolio.co/users/8301ef2e8ac34fc2bc2e13dfbf12380b/avatar-95b9b199-c837-4346-988b-c559d4c68de4.jpeg,Build On Hackathon 4.5 THEME NO RESTRICTIONS +1000 participated ONLINE ENDED See projects
devfolio,StatusCode 2,https://statuscode-2.devfolio.co/,,,,,,,https://assets.devfolio.co/users/ce5e1c6d5d7946de82ce55b2322a6727/avatar-356042f6-286a-4dcc-b569-0d3b3eaa4463.jpeg,StatusCode 2 Hackathon 4.6 THEME NO RESTRICTIONS +5000 participated OFFLINE ENDED See projects
devfolio,Octant DeFi Hackathon 2025,https://octant.devfolio.co/,,,,,,,https://assets.devfolio.co/users/fd1a74f28ff54850a3f68bfbcf14ada5/avatar-2df634cb-6582-4025-9a7b-abc239baa24f.jpeg,Octant DeFi Hackathon 2025 Hackathon 4 THEME NO RESTRICTIONS +500 participated ONLINE ENDED See projects
devfolio,REVA Hack 2022,https://reva-hack.devfolio.co/,,,,,,,https://assets.devfolio.co/users/e50662028b0e44c2b08b5fe630855655/avatar-6921ceb8-9878-4e98-a409-981f63d60219.jpeg,REVA Hack 2022 Hackathon 4.2 THEME NO RESTRICTIONS +1000 participated ONLINE ENDED See projects
devfolio,Hack-NU-thon 6.0,https://hacknuthon6.devfolio.co/,,,,,,,https://assets.devfolio.co/users/ee75131409a2420eb3172f1eccfe0ea2/avatar-776e0fe7-406e-445a-a08a-0a97d3072bdc.jpeg,Hack-NU-thon 6.0 Hackathon 3.9 THEME NO RESTRICTIONS +1000 participated OFFLINE ENDED See projects
devfolio,CodeSangam 2025,https://codesangam2k25.devfolio.co/,,,,,,,https://assets.devfolio.co/users/f858dbb5c5934d7fa8e4b588c4b6237f/avatar-65b3ddb1-0005-458b-ac53-aee3f799f47f.jpeg,CodeSangam 2025 Hackathon THEME NO RESTRICTIONS +500 participated OFFLINE ENDED See projects
devfolio,Developer Days,https://developerdays.devfolio.co/,,,,,,,https://assets.devfolio.co/users/0a2d1e573001442899336420b3b89d51/avatar-e7a107d7-3421-4e6e-977b-c53e129587c2.jpeg,Developer Days Hackathon 4.7 THEME NO RESTRICTIONS +1000 participated ONLINE ENDED See projects
devfolio,ETHBerlin³,https://ethberlin.devfolio.co/,,,,,,,https://assets.devfolio.co/users/7019feca833347ac9e38492e7939b8ba/avatar-7aa6904d-f097-49fb-b9d3-365964b30670.jpeg,ETHBerlin³ Hackathon 4.6 THEME NO RESTRICTIONS +250 participated ONLINE ENDED See projects
devfolio,ETHPrague 2023,https://ethprague2023.devfolio.co/,,,,,,,https://assets.devfolio.co/users/c3b555ba6a234266a17119245d21456b/avatar-21926d64-bfe9-4fe4-97a3-3dd7a64e76c4.jpeg,ETHPrague 2023 Hackathon 4.6 THEME NO RESTRICTIONS +250 participated ONLINE ENDED See projects
devfolio,ByteVerse,https://byteverse.devfolio.co/,,,,,,,https://assets.devfolio.co/users/2fef3c5436614f8d84cedb0ecc9ace50/avatar-6e21d1df-cb54-4b5b-a1ba-8b07b8e90115.jpeg,ByteVerse Hackathon 4 THEME NO RESTRICTIONS +1000 participated ONLINE ENDED See projects
devfolio,Hackodisha,https://hackodisha.devfolio.co/,,,,,,,https://assets.devfolio.co/users/bec9e063532c4e89b229034dc6cf1f14/avatar-4d7ce374-804f-49bf-913d-8a7030621180.jpeg,Hackodisha Hackathon 4.3 THEME NO RESTRICTIONS +1000 participated ONLINE ENDED See projects
devfolio,Layer 2.0,https://layer-2.devfolio.co/,,,,,,,https://assets.devfolio.co/users/50fcb9cc8ed34a11b809a2141ab9a95d/avatar-739fc2f7-0afe-4963-8470-8846d5db20bf.jpeg,Layer 2.0 Hackathon THEME NO RESTRICTIONS +1000 participated ONLINE ENDED See projects
devfolio,PayLoad'26,https://pay-load.devfolio.co/,,,,,,,https://assets.devfolio.co/users/7e2447620ad8463ea8fdb54126e68d31/avatar-539f05ba-54ac-4cf9-a145-daf150155187.jpeg,PayLoad'26 Hackathon THEME NO RESTRICTIONS +500 participated ONLINE ENDED See projects
devfolio,HackTU 7.0,https://hacktu7.devfolio.co/,,,,,,,https://assets.devfolio.co/users/c9a8c7a3cf804a6d99aff7f93785292c/avatar-8db97451-be44-4014-9a5a-e902df7d2392.jpeg,HackTU 7.0 Hackathon 4 THEME NO RESTRICTIONS +1000 participated OFFLINE ENDED See projects
devfolio,AlgoSwarm,https://quanthive.devfolio.co/,,,,,,,https://assets.devfolio.co/users/9ac11a1999af4153a45ad0c70d97d18a/avatar-b2da7ac6-6d95-48ce-bab0-b2f324b1b78b.jpeg,AlgoSwarm Hackathon 3 THEME NO RESTRICTIONS +1000 participated ONLINE ENDED See projects
devfolio,HackPrix Season 2,https://hackprix-2025.devfolio.co/,,,,,,,https://assets.devfolio.co/users/1de0e1eb33c54881bfdc1d719ad5072f/avatar-229f15f3-f8dc-4ae8-a815-e565c8f79bcf.jpeg,HackPrix Season 2 Hackathon 4.4 THEME NO RESTRICTIONS +1000 participated OFFLINE ENDED See projects
devfolio,Lisk Builders Challenge: Round Three,https://lisk-builders-challenge-3.devfolio.co/,,,,,,,https://assets.devfolio.co/users/ec7e568581274c2aac97b088c49f7b4c/avatar-8f97af90-759d-4f9b-aa44-d69b9cd94015.jpeg,Lisk Builders Challenge: Round Three Hackathon 4.8 THEME NO RESTRICTIONS +500 participated ONLINE ENDED See projects
devfolio,Hacking Paris | Powered by Chiliz,https://hacking-paris.devfolio.co/,,,,,,,https://assets.devfolio.co/users/648e3e28b6fa4886bdbfb836fd46bbb9/avatar-f6badcb5-5382-4d22-a96e-1ea01fd20ea4.jpeg,Hacking Paris | Powered by Chiliz Hackathon 4 THEME NO RESTRICTIONS +1000 participated OFFLINE ENDED See projects
devfolio,ETHSF Hackathon 2025,https://ethsf2025.devfolio.co/,,,,,,,https://assets.devfolio.co/users/5b702feb789140f087a491ddd943804a/avatar-8aaf05db-1c9e-4085-b2fa-94b39da8ce29.jpeg,ETHSF Hackathon 2025 Hackathon 4.1 THEME NO RESTRICTIONS +1000 participated ONLINE ENDED See projects
devfolio,Build the New Internet,https://build-the-new-internet.devfolio.co/,,,,,,,https://assets.devfolio.co/users/e5a7ff5339a34bf9bfa7a52eab6b7a35/avatar-8a9cb0cb-4963-4816-90f7-c7b55c361e6f.jpeg,Build the New Internet Hackathon 4.3 THEME NO RESTRICTIONS +1000 participated ONLINE ENDED See projects
devfolio,DEVMatch Hackathon 2025,https://devmatch-hackathon.devfolio.co/,,,,,,,https://assets.devfolio.co/users/c14f93b97feb4db2b3de0cfe2ffb1e84/avatar-a5c22cab-d09b-409b-9fb9-c23f409f6853.jpeg,DEVMatch Hackathon 2025 Hackathon THEME NO RESTRICTIONS +1000 participated ONLINE ENDED See projects
devfolio,Lean In Hacks 7.0,https://leanin-hacks-7.devfolio.co/,,,,,,,https://assets.devfolio.co/users/5c739e8b22ae47449811e8dcc9b88067/avatar-238a88e7-9fc5-42e2-94fe-b96baf058ff2.jpeg,Lean In Hacks 7.0 Hackathon THEME NO RESTRICTIONS +1000 participated ONLINE ENDED See projects
devfolio,Build India: Anthropic x Replit x Lightspeed Hackathon,https://buildindia2026.devfolio.co/,,,,,,,https://assets.devfolio.co/users/680a3f47a64b4fac8c3e5ff09f6b66fa/avatar-35563268-58e0-4921-9250-935f83a9b0ac.jpeg,Build India: Anthropic x Replit x Lightspeed Hackathon Hackathon 5 THEME NO RESTRICTIONS +1000 participated OFFLINE ENDED See projects
devfolio,Pollux 2023,https://pollux-2023.devfolio.co/,,,,,,,https://assets.devfolio.co/users/bc53de2150bc4ae49d014ee89aa69202/avatar-3dd9eee5-0df6-4595-9130-a9d5c0e7ff6d.jpeg,Pollux 2023 Hackathon 4.5 THEME NO RESTRICTIONS +500 participated ONLINE ENDED See projects
devfolio,KU HackFest 2022,https://ku-hackfest-2022.devfolio.co/,,,,,,,https://assets.devfolio.co/users/d7c2097333cc472da1505e7e6cf757ba/avatar-121b8b95-9016-474e-9b99-b0139112b65b.jpeg,KU HackFest 2022 Hackathon 4.4 THEME NO RESTRICTIONS +1000 participated ONLINE ENDED See projects
devfolio,HackBuild,https://hackbuild.devfolio.co/,,,,,,,https://assets.devfolio.co/users/0d98dda86581451a8b5f44cfb80bdf48/avatar-d253cca1-abf3-4f59-9a8a-25b23cb3888f.jpeg,HackBuild Hackathon THEME NO RESTRICTIONS +500 participated ONLINE ENDED See projects
devfolio,ETHMumbai 2026,https://ethmumbai2026.devfolio.co/,,,,,,,https://assets.devfolio.co/users/a532e654ccc848a08b8d0a8ba42d23ce/avatar-00ec15f1-440f-4444-9b3a-bca43dfd9f87.jpeg,ETHMumbai 2026 Hackathon 4.2 THEME NO RESTRICTIONS +1000 participated OFFLINE ENDED See projects
devfolio,Base Batch Messaging Buildathon,https://base-batch-messaging.devfolio.co/,,,,,,,https://assets.devfolio.co/users/d40df8aa82fd4eedae23eb056ba93c68/avatar-9458e5e6-79a5-4d5b-88fa-0df0c366c496.jpeg,Base Batch Messaging Buildathon Hackathon 4.2 THEME NO RESTRICTIONS +500 participated ONLINE ENDED See projects
devfolio,Base Batch LatAm,https://base-batch-latam.devfolio.co/,,,,,,,https://assets.devfolio.co/users/22d78a81e3624b7b976df7fa6b1afb61/avatar-bf7a33f7-577d-41a3-8b14-a956ba5f77a2.jpeg,Base Batch LatAm Hackathon 4.2 THEME NO RESTRICTIONS +250 participated ONLINE ENDED See projects
devfolio,Lisk Builders Challenge: Round Two,https://lisk-builders-challenge-2.devfolio.co/,,,,,,,https://assets.devfolio.co/users/6ceba037fc2c46acaa41f9c48455fdf0/avatar-99cb5048-3ae9-4c47-83ac-ef13592f8f19.jpeg,Lisk Builders Challenge: Round Two Hackathon 3.8 THEME NO RESTRICTIONS +500 participated ONLINE ENDED See projects
devfolio,The XiBit,https://the-xibit.devfolio.co/,,,,,,,https://assets.devfolio.co/users/409416f59df540ab9fd0bc35a07a5659/avatar-80277403-7d04-495c-b68a-e27cb76851ec.jpeg,The XiBit Hackathon 2.1 THEME NO RESTRICTIONS +1000 participated OFFLINE ENDED See projects
devfolio,Horizon 2022,https://the-horizon.devfolio.co/,,,,,,,https://assets.devfolio.co/users/0814509664d944d893dc749a4aa2e436/avatar-cfbbc7ee-f96c-40ad-ac0d-2a2b70684130.jpeg,Horizon 2022 Hackathon 3.6 THEME NO RESTRICTIONS +500 participated ONLINE ENDED See projects
devfolio,DevJam Season 1,https://devjams1.devfolio.co/,,,,,,,https://assets.devfolio.co/users/c6f92daa5be44ae19948f6aad5ceff42/avatar-dcf452bf-e7cb-4f30-92db-e44123c7885f.jpeg,DevJam Season 1 Hackathon 4 THEME NO RESTRICTIONS +1000 participated ONLINE ENDED See projects
devfolio,Technocrats Hackathon,https://technocrats-hackathon.devfolio.co/,,,,,,,https://assets.devfolio.co/users/0583f5b5ebf34820bfdde03c035c1c7d/avatar-46c3959c-b7aa-489d-b162-873380de0d97.jpeg,Technocrats Hackathon Hackathon THEME NO RESTRICTIONS +1000 participated ONLINE ENDED See projects
devfolio,Unfold 2024,https://unfold2024.devfolio.co/,,,,,,,https://assets.devfolio.co/users/f6d17963db7042e69abc09753da5a3bf/avatar-7860fa0e-64be-4770-a62f-3f644287449d.jpeg,Unfold 2024 Hackathon 4.3 THEME NO RESTRICTIONS +5000 participated OFFLINE ENDED See projects
devfolio,BINARY v2,https://binaryvtwo.devfolio.co/,,,,,,,https://assets.devfolio.co/users/a532e654ccc848a08b8d0a8ba42d23ce/avatar-00ec15f1-440f-4444-9b3a-bca43dfd9f87.jpeg,BINARY v2 Hackathon 4.5 THEME NO RESTRICTIONS +1000 participated OFFLINE ENDED See projects
devfolio,Hacktropica 2k26,https://hacktropica2k26.devfolio.co/,,,,,,,https://assets.devfolio.co/users/d8608ad06bf84701a3a0dfd1cf653d8a/avatar-6d5b13ed-6e95-4645-bebf-1fe5c5196345.jpeg,Hacktropica 2k26 Hackathon 4.3 THEME NO RESTRICTIONS +1000 participated OFFLINE ENDED See projects
devfolio,HackNova 3.0,https://hacknova-3.devfolio.co/,,,,,,,https://assets.devfolio.co/users/2c86a00d472941a1ae8b720b106d2df4/avatar-3d671774-dba5-48e0-af4b-676bebaa6ca0.jpeg,HackNova 3.0 Hackathon 3.9 THEME NO RESTRICTIONS +1000 participated OFFLINE ENDED See projects
devfolio,WIEgnite 2.0,https://wiegnite2025.devfolio.co/,,,,,,,https://assets.devfolio.co/users/c0efdfd2e90b4b06b2450b6041b53ca1/avatar-669d988d-0406-48ee-bee5-6911b7acf5a7.jpeg,WIEgnite 2.0 Hackathon 3 THEME NO RESTRICTIONS +1000 participated OFFLINE ENDED See projects
devfolio,Hack The Grid – LUKSO,https://hack-the-grid-level.devfolio.co/,,,,,,,https://assets.devfolio.co/users/1f05b382f8ce467595e7be311c8f0016/avatar-3a15ffb8-d07b-4c75-a987-66e0ffcded7b.jpeg,Hack The Grid – LUKSO Hackathon THEME NO RESTRICTIONS +1000 participated ONLINE ENDED See projects
devfolio,HexaFalls,https://hexafalls.devfolio.co/,,,,,,,https://assets.devfolio.co/users/86a0de7d9a2d48609db23bfb298e09e7/avatar-a0975710-3cac-4078-bc37-5bfe35b41d88.jpeg,HexaFalls Hackathon 4.2 THEME NO RESTRICTIONS +1000 participated OFFLINE ENDED See projects
devfolio,Hack With Gujarat,https://hack-with-gujarat.devfolio.co/,,,,,,,https://assets.devfolio.co/users/834138e7bbf7430781cba42f71bf5417/avatar-888e8cfb-6310-4de4-bfa9-0442360bc6a1.jpeg,Hack With Gujarat Hackathon THEME NO RESTRICTIONS +1000 participated ONLINE ENDED See projects
devfolio,KJSCE Hack 6.0,https://kjscehack22.devfolio.co/,,,,,,,https://assets.devfolio.co/users/9d80c11a0af44a139b2de8bebcc095fc/avatar-65a1ac2a-115f-47ae-a7cc-14d280e710aa.png,KJSCE Hack 6.0 Hackathon 4.1 THEME NO RESTRICTIONS +500 participated ONLINE ENDED See projects
devfolio,Hack On Hills 7.0,https://hackonhills7.devfolio.co/,,,,,,,https://assets.devfolio.co/users/86d7a87d1bd74d3fad7a85e5fb3dade8/avatar-cfad652b-20fe-4c97-8746-dfe091fc4f53.jpeg,Hack On Hills 7.0 Hackathon 3.1 THEME NO RESTRICTIONS +1000 participated OFFLINE ENDED See projects
devfolio,Warpspeed: Agentic AI Hackathon | Lightspeed India,https://warpspeed2025.devfolio.co/,,,,,,,https://assets.devfolio.co/users/3b2cad06b0124b8bbd8221fb7ade92f2/avatar-ffd5c183-a673-45a6-b574-2e45d08157d0.jpeg,Warpspeed: Agentic AI Hackathon | Lightspeed India Hackathon 4.3 THEME NO RESTRICTIONS +1000 participated OFFLINE ENDED See projects
devfolio,Ingenious Hackathon 4.0,https://ingenious-hackathon-4.devfolio.co/,,,,,,,https://assets.devfolio.co/users/0814509664d944d893dc749a4aa2e436/avatar-cfbbc7ee-f96c-40ad-ac0d-2a2b70684130.jpeg,Ingenious Hackathon 4.0 Hackathon 3.9 THEME NO RESTRICTIONS +1000 participated ONLINE ENDED See projects
